DateTime,EventType,Symbol,Timeframe,Price,Direction,Lot,PassCounter,BlockLot,BasketProfit,SessionActive,MarginFree,Notes
2026.09.10 01:02:20,ORDER_FILL,XAUUSD+,PERIOD_M1,0.00,SELL,0.00,0,0.00,0.00,NO,520072.57,
2026.09.10 01:02:20,ORDER_FILL,XAUUSD+,PERIOD_M1,0.00,SELL,0.00,0,0.00,0.00,NO,520072.57,
2026.09.10 01:02:20,ORDER_FILL,XAUUSD+,PERIOD_M1,0.00,SELL,0.00,0,0.00,0.00,NO,520072.57,
2026.09.10 01:02:20,ORDER_FILL,XAUUSD+,PERIOD_M1,0.00,SELL,0.00,0,0.00,0.00,NO,520072.57,
2026.09.10 01:03:57,ORDER_FILL,XAUUSD+,PERIOD_M1,4405.87,BUY,0.01,0,0.01,-1.24,YES,520048.05,
2026.09.10 01:03:57,ORDER_FILL,XAUUSD+,PERIOD_M1,4406.17,BUY,0.01,0,0.01,-1.24,YES,520048.05,
2026.09.10 01:03:57,ORDER_FILL,XAUUSD+,PERIOD_M1,4406.47,BUY,0.01,0,0.01,-1.71,YES,520048.05,
2026.09.10 01:09:05,ORDER_FILL,XAUUSD+,PERIOD_M1,4404.36,BUY,0.01,0,0.01,0.00,YES,520060.26,
2026.09.10 01:09:24,ORDER_FILL,XAUUSD+,PERIOD_M1,4404.65,BUY,0.01,0,0.01,-0.61,YES,520044.58,
2026.09.10 01:09:24,ORDER_FILL,XAUUSD+,PERIOD_M1,4404.95,BUY,0.01,0,0.01,-0.61,YES,520044.58,
2026.09.10 01:10:05,ORDER_FILL,XAUUSD+,PERIOD_M1,4403.96,SELL,0.01,0,0.01,0.00,YES,520060.72,
2026.09.10 01:10:06,ORDER_FILL,XAUUSD+,PERIOD_M1,4403.66,SELL,0.01,0,0.01,0.02,YES,520053.13,
2026.09.10 01:11:05,ORDER_FILL,XAUUSD+,PERIOD_M1,4403.36,SELL,0.01,0,0.01,0.20,YES,520032.38,
2026.09.10 01:11:06,ORDER_FILL,XAUUSD+,PERIOD_M1,4403.06,SELL,0.01,0,0.01,0.20,YES,520032.38,
2026.09.10 01:11:06,ORDER_FILL,XAUUSD+,PERIOD_M1,4402.76,SELL,0.01,0,0.01,2.06,YES,520029.29,
2026.09.10 01:14:20,ORDER_FILL,XAUUSD+,PERIOD_M1,4403.67,SELL,0.01,0,0.01,0.03,YES,520060.44,
2026.09.10 01:14:22,ORDER_FILL,XAUUSD+,PERIOD_M1,4403.37,SELL,0.01,0,0.01,0.09,YES,520053.05,
2026.09.10 01:14:23,ORDER_FILL,XAUUSD+,PERIOD_M1,4403.07,SELL,0.01,0,0.01,0.42,YES,520045.61,
2026.09.10 01:14:25,ORDER_FILL,XAUUSD+,PERIOD_M1,4402.77,SELL,0.01,0,0.01,1.03,YES,520038.51,
2026.09.10 01:19:15,ORDER_FILL,XAUUSD+,PERIOD_M1,4403.01,SELL,0.01,0,0.01,0.00,YES,520061.19,
2026.09.10 01:22:05,ORDER_FILL,XAUUSD+,PERIOD_M1,0.00,SELL,0.00,0,0.00,0.00,NO,520068.71,
2026.09.10 01:23:03,ORDER_FILL,XAUUSD+,PERIOD_M1,4401.68,SELL,0.01,0,0.01,0.00,YES,520060.98,
2026.09.10 01:24:21,ORDER_FILL,XAUUSD+,PERIOD_M1,4401.38,SELL,0.01,0,0.01,-0.02,YES,520053.50,
2026.09.10 01:28:30,ORDER_FILL,XAUUSD+,PERIOD_M1,4400.79,SELL,0.01,0,0.01,0.00,YES,520060.69,
2026.09.10 01:29:11,ORDER_FILL,XAUUSD+,PERIOD_M1,4400.49,SELL,0.01,0,0.01,0.15,YES,520053.20,
2026.09.10 01:31:55,ORDER_FILL,XAUUSD+,PERIOD_M1,4402.42,SELL,0.01,0,0.01,0.00,YES,520059.83,
2026.09.10 01:32:14,ORDER_FILL,XAUUSD+,PERIOD_M1,4402.12,SELL,0.01,0,0.01,1.05,YES,520045.79,
2026.09.10 01:32:14,ORDER_FILL,XAUUSD+,PERIOD_M1,4401.82,SELL,0.01,0,0.01,1.05,YES,520045.77,
2026.09.10 01:34:34,ORDER_FILL,XAUUSD+,PERIOD_M1,4403.81,BUY,0.01,0,0.01,0.00,YES,520060.19,
2026.09.10 01:34:53,ORDER_FILL,XAUUSD+,PERIOD_M1,4402.97,SELL,0.01,1,0.01,-0.80,YES,520067.02,
2026.09.10 01:35:37,ORDER_FILL,XAUUSD+,PERIOD_M1,4402.68,SELL,0.01,1,0.01,-0.81,YES,520059.50,
2026.09.10 01:37:31,ORDER_FILL,XAUUSD+,PERIOD_M1,0.00,SELL,0.00,0,0.00,0.00,NO,520068.22,
2026.09.10 01:37:31,ORDER_FILL,XAUUSD+,PERIOD_M1,0.00,SELL,0.00,0,0.00,0.00,NO,520068.22,
2026.09.10 01:39:44,ORDER_FILL,XAUUSD+,PERIOD_M1,4400.05,SELL,0.01,0,0.01,0.00,YES,520060.54,
2026.09.10 01:40:18,ORDER_FILL,XAUUSD+,PERIOD_M1,4400.78,BUY,0.01,1,0.01,-0.63,YES,520067.44,
2026.09.10 01:41:46,ORDER_FILL,XAUUSD+,PERIOD_M1,4401.08,BUY,0.01,1,0.01,-0.72,YES,520059.76,
2026.09.10 01:42:35,ORDER_FILL,XAUUSD+,PERIOD_M1,4401.38,BUY,0.01,1,0.01,-0.59,YES,520052.31,
2026.09.10 01:44:11,ORDER_FILL,XAUUSD+,PERIOD_M1,0.00,SELL,0.00,0,0.00,0.00,NO,520064.49,
2026.09.10 01:44:11,ORDER_FILL,XAUUSD+,PERIOD_M1,0.00,SELL,0.00,0,0.00,0.00,NO,520064.49,
2026.09.10 01:44:11,ORDER_FILL,XAUUSD+,PERIOD_M1,0.00,SELL,0.00,0,0.00,0.00,NO,520064.49,
2026.09.10 01:44:11,ORDER_FILL,XAUUSD+,PERIOD_M1,0.00,SELL,0.00,0,0.00,0.00,NO,520064.49,
2026.09.10 01:47:13,ORDER_FILL,XAUUSD+,PERIOD_M1,4401.03,BUY,0.01,0,0.01,0.00,YES,520056.81,
2026.09.10 01:47:34,ORDER_FILL,XAUUSD+,PERIOD_M1,4400.28,SELL,0.01,1,0.01,-0.64,YES,520063.70,
2026.09.10 01:48:06,ORDER_FILL,XAUUSD+,PERIOD_M1,4399.98,SELL,0.01,1,0.01,-0.74,YES,520056.01,
2026.09.10 01:50:21,ORDER_FILL,XAUUSD+,PERIOD_M1,0.00,SELL,0.00,0,0.00,0.00,NO,520060.27,
2026.09.10 01:52:23,ORDER_FILL,XAUUSD+,PERIOD_M1,4399.52,SELL,0.01,0,0.00,-0.33,YES,520052.36,
2026.09.10 01:52:28,ORDER_FILL,XAUUSD+,PERIOD_M1,4399.40,SELL,0.01,0,0.01,-0.04,YES,520044.96,
2026.09.10 01:52:49,ORDER_FILL,XAUUSD+,PERIOD_M1,4399.22,SELL,0.01,0,0.01,0.18,YES,520037.73,
2026.09.10 01:53:10,ORDER_FILL,XAUUSD+,PERIOD_M1,4399.10,SELL,0.01,0,0.01,-0.04,YES,520029.87,
2026.09.10 01:56:18,ORDER_FILL,XAUUSD+,PERIOD_M1,4398.30,SELL,0.01,0,0.01,0.00,YES,520051.68,
2026.09.10 01:57:29,ORDER_FILL,XAUUSD+,PERIOD_M1,4397.88,SELL,0.01,0,0.01,0.00,YES,520051.68,
2026.09.10 01:58:44,ORDER_FILL,XAUUSD+,PERIOD_M1,0.00,SELL,0.00,0,0.00,0.00,NO,520061.04,
2026.09.10 01:59:22,ORDER_FILL,XAUUSD+,PERIOD_M1,0.00,SELL,0.00,0,0.00,0.00,NO,520061.04,
2026.09.10 01:59:22,ORDER_FILL,XAUUSD+,PERIOD_M1,0.00,SELL,0.00,0,0.00,0.00,NO,520061.04,
2026.09.10 01:59:22,ORDER_FILL,XAUUSD+,PERIOD_M1,0.00,SELL,0.00,0,0.00,0.00,NO,520061.04,
2026.09.10 02:01:01,ORDER_FILL,XAUUSD+,PERIOD_M1,4402.10,BUY,0.01,0,0.01,-0.08,YES,520053.36,
2026.09.10 02:01:07,ORDER_FILL,XAUUSD+,PERIOD_M1,4402.40,BUY,0.01,0,0.01,0.12,YES,520046.07,
2026.09.10 02:03:08,ORDER_FILL,XAUUSD+,PERIOD_M1,4402.15,BUY,0.01,0,0.01,0.00,YES,520053.00,
2026.09.10 02:03:28,ORDER_FILL,XAUUSD+,PERIOD_M1,4402.44,BUY,0.01,0,0.01,0.25,YES,520045.77,
2026.09.10 02:04:15,ORDER_FILL,XAUUSD+,PERIOD_M1,4402.74,BUY,0.01,0,0.01,0.63,YES,520031.39,
2026.09.10 02:04:15,ORDER_FILL,XAUUSD+,PERIOD_M1,4403.04,BUY,0.01,0,0.01,1.12,YES,520031.39,
2026.09.10 02:06:44,ORDER_FILL,XAUUSD+,PERIOD_M1,4402.37,SELL,0.01,0,0.01,0.00,YES,520052.20,
2026.09.10 02:07:05,ORDER_FILL,XAUUSD+,PERIOD_M1,0.00,SELL,0.00,0,0.00,0.00,NO,520063.65,
2026.09.10 02:07:42,ORDER_FILL,XAUUSD+,PERIOD_M1,0.00,SELL,0.00,0,0.00,0.00,NO,520063.65,
2026.09.10 02:07:42,ORDER_FILL,XAUUSD+,PERIOD_M1,0.00,SELL,0.00,0,0.00,0.00,NO,520063.65,
2026.09.10 02:07:42,ORDER_FILL,XAUUSD+,PERIOD_M1,0.00,SELL,0.00,0,0.00,0.00,NO,520063.65,
2026.09.10 02:09:56,ORDER_FILL,XAUUSD+,PERIOD_M1,4400.16,SELL,0.01,0,0.01,-0.17,YES,520017.86,
2026.09.10 02:09:56,ORDER_FILL,XAUUSD+,PERIOD_M1,4399.86,SELL,0.01,0,0.01,-0.17,YES,520017.81,
2026.09.10 02:09:57,ORDER_FILL,XAUUSD+,PERIOD_M1,4399.56,SELL,0.01,0,0.01,-0.17,YES,520017.81,
2026.09.10 02:09:57,ORDER_FILL,XAUUSD+,PERIOD_M1,4399.26,SELL,0.01,0,0.01,-0.17,YES,520017.28,
2026.09.10 02:09:57,ORDER_FILL,XAUUSD+,PERIOD_M1,4399.23,SELL,0.01,0,0.01,-0.83,YES,520017.28,
2026.09.10 02:09:57,ORDER_FILL,XAUUSD+,PERIOD_M1,4398.93,SELL,0.01,0,0.01,-0.83,YES,520017.28,
2026.09.10 02:16:45,ORDER_FILL,XAUUSD+,PERIOD_M1,4399.74,SELL,0.01,0,0.01,0.00,YES,520049.60,
2026.09.10 02:16:45,ORDER_FILL,XAUUSD+,PERIOD_M1,4399.44,SELL,0.01,0,0.01,0.00,YES,520041.90,
2026.09.10 02:17:23,ORDER_FILL,XAUUSD+,PERIOD_M1,4399.14,SELL,0.01,0,0.01,1.07,YES,520014.44,
2026.09.10 02:17:24,ORDER_FILL,XAUUSD+,PERIOD_M1,4398.84,SELL,0.01,0,0.01,1.07,YES,520014.44,
2026.09.10 02:17:24,ORDER_FILL,XAUUSD+,PERIOD_M1,4398.54,SELL,0.01,0,0.01,2.98,YES,520014.44,
2026.09.10 02:17:24,ORDER_FILL,XAUUSD+,PERIOD_M1,4398.24,SELL,0.01,0,0.01,2.98,YES,520014.44,
2026.09.10 02:22:13,ORDER_FILL,XAUUSD+,PERIOD_M1,4400.53,SELL,0.01,0,0.01,-0.09,YES,520044.62,
2026.09.10 02:22:14,ORDER_FILL,XAUUSD+,PERIOD_M1,4400.47,SELL,0.01,0,0.01,-0.09,YES,520044.83,
2026.09.10 02:23:11,ORDER_FILL,XAUUSD+,PERIOD_M1,4400.17,SELL,0.01,0,0.01,-0.03,YES,520030.66,
2026.09.10 02:23:11,ORDER_FILL,XAUUSD+,PERIOD_M1,4399.87,SELL,0.01,0,0.01,1.11,YES,520030.63,
2026.09.10 02:23:38,ORDER_FILL,XAUUSD+,PERIOD_M1,4399.57,SELL,0.01,0,0.01,1.51,YES,520023.51,
2026.09.10 02:24:55,ORDER_FILL,XAUUSD+,PERIOD_M1,4399.27,SELL,0.01,0,0.01,10.39,YES,520007.15,
2026.09.10 02:25:15,ORDER_FILL,XAUUSD+,PERIOD_M1,4398.97,SELL,0.01,0,0.01,10.39,YES,520011.78,
2026.09.10 02:25:17,ORDER_FILL,XAUUSD+,PERIOD_M1,4398.67,SELL,0.01,0,0.01,10.39,YES,520012.32,
2026.09.10 02:25:18,ORDER_FILL,XAUUSD+,PERIOD_M1,4398.37,SELL,0.01,0,0.01,10.39,YES,520011.85,
2026.09.10 02:28:18,ORDER_FILL,XAUUSD+,PERIOD_M1,4397.93,SELL,0.01,0,0.00,2.22,YES,520057.07,
2026.09.10 02:28:18,ORDER_FILL,XAUUSD+,PERIOD_M1,4397.63,SELL,0.01,0,0.00,2.22,YES,520057.07,
2026.09.10 02:28:18,ORDER_FILL,XAUUSD+,PERIOD_M1,4397.33,SELL,0.01,0,0.00,2.22,YES,520056.96,
2026.09.10 02:28:21,ORDER_FILL,XAUUSD+,PERIOD_M1,4396.53,SELL,0.01,0,0.00,2.60,YES,520050.14,
2026.09.10 02:28:24,ORDER_FILL,XAUUSD+,PERIOD_M1,4396.23,SELL,0.01,0,0.00,3.42,YES,520043.19,
2026.09.10 02:28:48,ORDER_FILL,XAUUSD+,PERIOD_M1,0.00,SELL,0.00,0,0.00,0.00,NO,520081.98,
2026.09.10 02:29:52,ORDER_FILL,XAUUSD+,PERIOD_M1,4397.29,BUY,0.01,0,0.01,0.60,YES,520059.96,
2026.09.10 02:29:52,ORDER_FILL,XAUUSD+,PERIOD_M1,4397.59,BUY,0.01,0,0.01,0.60,YES,520059.93,
2026.09.10 02:29:52,ORDER_FILL,XAUUSD+,PERIOD_M1,4397.89,BUY,0.01,0,0.01,0.60,YES,520059.88,
2026.09.10 02:34:46,ORDER_FILL,XAUUSD+,PERIOD_M1,4394.04,SELL,0.01,0,0.01,-0.09,YES,520074.23,
2026.09.10 02:39:36,ORDER_FILL,XAUUSD+,PERIOD_M1,0.00,SELL,0.00,0,0.00,0.00,NO,520081.82,
2026.09.10 02:43:20,ORDER_FILL,XAUUSD+,PERIOD_M1,4393.47,SELL,0.01,0,0.01,0.00,YES,520074.15,
2026.09.10 02:44:15,ORDER_FILL,XAUUSD+,PERIOD_M1,4394.00,BUY,0.01,1,0.01,-0.46,YES,520081.21,
2026.09.10 02:44:40,ORDER_FILL,XAUUSD+,PERIOD_M1,4394.30,BUY,0.01,1,0.01,-0.54,YES,520073.55,
2026.09.10 02:45:29,ORDER_FILL,XAUUSD+,PERIOD_M1,4394.60,BUY,0.01,1,0.01,-0.40,YES,520066.10,
2026.09.10 02:50:07,ORDER_FILL,XAUUSD+,PERIOD_M1,4393.61,SELL,0.01,0,0.01,0.00,YES,520072.08,
2026.09.10 02:50:48,ORDER_FILL,XAUUSD+,PERIOD_M1,4394.35,BUY,0.01,1,0.01,-0.64,YES,520078.96,
2026.09.10 02:51:49,ORDER_FILL,XAUUSD+,PERIOD_M1,4394.65,BUY,0.01,1,0.01,-0.72,YES,520071.34,
2026.09.10 02:52:08,ORDER_FILL,XAUUSD+,PERIOD_M1,4394.95,BUY,0.01,1,0.01,-1.88,YES,520062.66,
2026.09.10 02:55:10,ORDER_FILL,XAUUSD+,PERIOD_M1,4394.20,SELL,0.01,0,0.01,0.00,YES,520071.37,
2026.09.10 02:57:33,ORDER_FILL,XAUUSD+,PERIOD_M1,4394.22,SELL,0.01,0,0.01,0.00,YES,520071.28,
2026.09.10 02:57:52,ORDER_FILL,XAUUSD+,PERIOD_M1,4393.92,SELL,0.01,0,0.01,0.46,YES,520056.66,
2026.09.10 02:57:52,ORDER_FILL,XAUUSD+,PERIOD_M1,4393.62,SELL,0.01,0,0.01,0.46,YES,520056.66,
2026.09.10 03:01:30,ORDER_FILL,XAUUSD+,PERIOD_M1,4391.88,SELL,0.01,0,0.01,-0.09,YES,520071.04,
2026.09.10 03:01:50,ORDER_FILL,XAUUSD+,PERIOD_M1,0.00,SELL,0.00,0,0.00,0.00,NO,520078.99,
2026.09.10 03:02:28,ORDER_FILL,XAUUSD+,PERIOD_M1,0.00,SELL,0.00,0,0.00,0.00,NO,520078.99,
2026.09.10 03:03:31,ORDER_FILL,XAUUSD+,PERIOD_M1,4389.99,SELL,0.01,0,0.01,0.00,YES,520071.33,
2026.09.10 03:05:43,ORDER_FILL,XAUUSD+,PERIOD_M1,4391.24,SELL,0.01,0,0.01,0.00,YES,520070.01,
2026.09.10 03:08:05,ORDER_FILL,XAUUSD+,PERIOD_M1,4391.55,SELL,0.01,0,0.01,0.00,YES,520069.81,
2026.09.10 03:08:25,ORDER_FILL,XAUUSD+,PERIOD_M1,4391.25,SELL,0.01,0,0.01,1.27,YES,520048.42,
2026.09.10 03:08:25,ORDER_FILL,XAUUSD+,PERIOD_M1,4390.95,SELL,0.01,0,0.01,1.27,YES,520048.46,
2026.09.10 03:08:25,ORDER_FILL,XAUUSD+,PERIOD_M1,4390.65,SELL,0.01,0,0.01,1.27,YES,520048.42,
2026.09.10 03:10:41,ORDER_FILL,XAUUSD+,PERIOD_M1,4392.34,BUY,0.01,0,0.00,4.05,YES,520059.11,
2026.09.10 03:10:41,ORDER_FILL,XAUUSD+,PERIOD_M1,4392.64,BUY,0.01,0,0.00,4.05,YES,520059.13,
2026.09.10 03:10:41,ORDER_FILL,XAUUSD+,PERIOD_M1,4392.94,BUY,0.01,0,0.00,4.05,YES,520059.13,
2026.09.10 03:11:26,ORDER_FILL,XAUUSD+,PERIOD_M1,4392.94,BUY,0.01,0,0.00,5.19,YES,520068.20,
2026.09.10 03:11:26,ORDER_FILL,XAUUSD+,PERIOD_M1,4392.94,BUY,0.01,0,0.00,5.19,YES,520068.17,
2026.09.10 03:11:47,ORDER_FILL,XAUUSD+,PERIOD_M1,0.00,SELL,0.00,0,0.00,0.00,NO,520083.75,
2026.09.10 03:11:47,ORDER_FILL,XAUUSD+,PERIOD_M1,0.00,SELL,0.00,0,0.00,0.00,NO,520083.75,
2026.09.10 03:11:47,ORDER_FILL,XAUUSD+,PERIOD_M1,0.00,SELL,0.00,0,0.00,0.00,YES,520083.75,
2026.09.10 03:16:10,ORDER_FILL,XAUUSD+,PERIOD_M1,4395.97,BUY,0.01,0,0.00,2.11,YES,520062.30,
2026.09.10 03:16:10,ORDER_FILL,XAUUSD+,PERIOD_M1,4396.27,BUY,0.01,0,0.00,2.11,YES,520062.24,
2026.09.10 03:16:12,ORDER_FILL,XAUUSD+,PERIOD_M1,4396.57,BUY,0.01,0,0.00,2.11,YES,520061.58,
2026.09.10 03:16:42,ORDER_FILL,XAUUSD+,PERIOD_M1,4397.52,BUY,0.01,0,0.01,-0.10,YES,520076.66,
2026.09.10 03:17:41,ORDER_FILL,XAUUSD+,PERIOD_M1,4396.76,SELL,0.01,0,0.01,0.00,YES,520076.63,
2026.09.10 03:19:26,ORDER_FILL,XAUUSD+,PERIOD_M1,0.00,SELL,0.00,0,0.00,0.00,NO,520082.84,
2026.09.10 03:19:26,ORDER_FILL,XAUUSD+,PERIOD_M1,0.00,SELL,0.00,0,0.00,0.00,NO,520082.84,
2026.09.10 03:19:26,ORDER_FILL,XAUUSD+,PERIOD_M1,0.00,SELL,0.00,0,0.00,0.00,NO,520082.84,
2026.09.10 03:19:46,ORDER_FILL,XAUUSD+,PERIOD_M1,0.00,SELL,0.00,0,0.00,0.00,YES,520082.88,
2026.09.10 03:21:57,ORDER_FILL,XAUUSD+,PERIOD_M1,4397.86,BUY,0.01,0,0.01,-1.24,YES,520066.46,
2026.09.10 03:21:57,ORDER_FILL,XAUUSD+,PERIOD_M1,4398.16,BUY,0.01,0,0.01,-1.24,YES,520066.52,
2026.09.10 03:22:59,ORDER_FILL,XAUUSD+,PERIOD_M1,4396.67,SELL,0.01,1,0.01,-1.53,YES,520065.08,
2026.09.10 03:23:50,ORDER_FILL,XAUUSD+,PERIOD_M1,4396.06,SELL,0.01,0,0.01,0.00,YES,520072.45,
2026.09.10 03:25:39,ORDER_FILL,XAUUSD+,PERIOD_M1,0.00,SELL,0.00,0,0.00,-0.46,YES,520078.86,
2026.09.10 03:29:02,ORDER_FILL,XAUUSD+,PERIOD_M1,4394.35,SELL,0.01,0,0.01,0.00,YES,520071.23,
2026.09.10 03:30:47,ORDER_FILL,XAUUSD+,PERIOD_M1,4394.65,BUY,0.01,0,0.01,0.00,YES,520071.08,
2026.09.10 03:31:07,ORDER_FILL,XAUUSD+,PERIOD_M1,4394.95,BUY,0.01,0,0.01,-0.86,YES,520062.86,
2026.09.10 03:33:51,ORDER_FILL,XAUUSD+,PERIOD_M1,4392.28,SELL,0.01,0,0.01,0.00,YES,520068.38,
2026.09.10 03:34:10,ORDER_FILL,XAUUSD+,PERIOD_M1,4391.98,SELL,0.01,0,0.01,-0.03,YES,520053.25,
2026.09.10 03:34:47,ORDER_FILL,XAUUSD+,PERIOD_M1,4391.68,SELL,0.01,0,0.01,-0.03,YES,520071.39,
2026.09.10 03:34:48,ORDER_FILL,XAUUSD+,PERIOD_M1,4393.47,BUY,0.01,1,0.01,-3.26,YES,520071.39,
2026.09.10 03:37:02,ORDER_FILL,XAUUSD+,PERIOD_M1,0.00,SELL,0.00,0,0.00,0.00,NO,520073.34,
2026.09.10 03:37:02,ORDER_FILL,XAUUSD+,PERIOD_M1,0.00,SELL,0.00,0,0.00,0.00,NO,520073.34,
2026.09.10 03:37:02,ORDER_FILL,XAUUSD+,PERIOD_M1,0.00,SELL,0.00,0,0.00,0.00,NO,520073.34,
2026.09.10 03:39:11,ORDER_FILL,XAUUSD+,PERIOD_M1,0.00,SELL,0.00,0,0.00,-0.46,YES,520048.86,
2026.09.10 03:39:12,ORDER_FILL,XAUUSD+,PERIOD_M1,0.00,SELL,0.00,0,0.00,0.00,NO,520071.19,
2026.09.10 03:42:03,ORDER_FILL,XAUUSD+,PERIOD_M1,0.00,SELL,0.00,0,0.00,0.00,NO,520071.09,
2026.09.10 03:42:03,ORDER_FILL,XAUUSD+,PERIOD_M1,0.00,SELL,0.00,0,0.00,0.00,NO,520071.09,
2026.09.10 03:42:03,ORDER_FILL,XAUUSD+,PERIOD_M1,0.00,SELL,0.00,0,0.00,0.00,NO,520071.09,
2026.09.10 03:42:16,ORDER_FILL,XAUUSD+,PERIOD_M1,4397.82,SELL,0.01,0,0.01,0.00,YES,520063.38,
2026.09.10 03:42:37,ORDER_FILL,XAUUSD+,PERIOD_M1,4397.52,SELL,0.01,0,0.01,1.16,YES,520034.52,
2026.09.10 03:42:37,ORDER_FILL,XAUUSD+,PERIOD_M1,4397.22,SELL,0.01,0,0.01,1.16,YES,520034.47,
2026.09.10 03:42:38,ORDER_FILL,XAUUSD+,PERIOD_M1,4396.92,SELL,0.01,0,0.01,1.16,YES,520034.43,
2026.09.10 03:42:38,ORDER_FILL,XAUUSD+,PERIOD_M1,4396.62,SELL,0.01,0,0.01,1.16,YES,520034.26,
2026.09.10 03:43:20,ORDER_FILL,XAUUSD+,PERIOD_M1,4398.57,BUY,0.01,0,0.01,-0.22,YES,520063.45,
2026.09.10 03:44:21,ORDER_FILL,XAUUSD+,PERIOD_M1,4398.87,BUY,0.01,0,0.01,0.93,YES,520043.61,
2026.09.10 03:44:21,ORDER_FILL,XAUUSD+,PERIOD_M1,4399.17,BUY,0.01,0,0.01,0.93,YES,520043.43,
2026.09.10 03:44:21,ORDER_FILL,XAUUSD+,PERIOD_M1,4399.47,BUY,0.01,0,0.01,10.27,YES,520043.56,
2026.09.10 03:44:22,ORDER_FILL,XAUUSD+,PERIOD_M1,4399.77,BUY,0.01,0,0.01,10.27,YES,520043.73,
2026.09.10 03:45:20,ORDER_FILL,XAUUSD+,PERIOD_M1,4400.06,SELL,0.01,0,0.01,-0.50,YES,520064.51,
2026.09.10 03:45:20,ORDER_FILL,XAUUSD+,PERIOD_M1,4399.76,SELL,0.01,0,0.01,-0.50,YES,520064.51,
2026.09.10 03:47:36,ORDER_FILL,XAUUSD+,PERIOD_M1,0.00,SELL,0.00,0,0.00,0.00,NO,520082.73,
2026.09.10 03:47:36,ORDER_FILL,XAUUSD+,PERIOD_M1,0.00,SELL,0.00,0,0.00,0.00,NO,520082.73,
2026.09.10 03:48:23,ORDER_FILL,XAUUSD+,PERIOD_M1,4399.35,BUY,0.01,0,0.01,0.00,YES,520060.74,
2026.09.10 03:48:43,ORDER_FILL,XAUUSD+,PERIOD_M1,4399.65,BUY,0.01,0,0.01,-0.24,YES,520059.88,
2026.09.10 03:48:43,ORDER_FILL,XAUUSD+,PERIOD_M1,4399.95,BUY,0.01,0,0.01,-0.24,YES,520059.81,
2026.09.10 03:49:04,ORDER_FILL,XAUUSD+,PERIOD_M1,0.00,SELL,0.00,0,0.00,0.00,NO,520083.25,
2026.09.10 03:49:22,ORDER_FILL,XAUUSD+,PERIOD_M1,0.00,SELL,0.00,0,0.00,0.00,NO,520083.25,
2026.09.10 03:51:27,ORDER_FILL,XAUUSD+,PERIOD_M1,4400.16,BUY,0.01,0,0.01,-0.32,YES,520075.32,
2026.09.10 03:51:47,ORDER_FILL,XAUUSD+,PERIOD_M1,4400.46,BUY,0.01,0,0.01,1.86,YES,520054.72,
2026.09.10 03:51:47,ORDER_FILL,XAUUSD+,PERIOD_M1,4400.76,BUY,0.01,0,0.01,1.86,YES,520054.68,
2026.09.10 03:51:48,ORDER_FILL,XAUUSD+,PERIOD_M1,4401.06,BUY,0.01,0,0.01,1.86,YES,520054.38,
2026.09.10 03:51:50,ORDER_FILL,XAUUSD+,PERIOD_M1,4401.36,BUY,0.01,0,0.01,2.28,YES,520048.48,
2026.09.10 03:51:51,ORDER_FILL,XAUUSD+,PERIOD_M1,4401.66,BUY,0.01,0,0.01,3.43,YES,520033.02,
2026.09.10 03:51:51,ORDER_FILL,XAUUSD+,PERIOD_M1,4401.96,BUY,0.01,0,0.01,3.43,YES,520032.29,
2026.09.10 03:56:46,ORDER_FILL,XAUUSD+,PERIOD_M1,4403.33,BUY,0.01,0,0.01,-0.09,YES,520076.98,
2026.09.10 03:58:42,ORDER_FILL,XAUUSD+,PERIOD_M1,4403.33,BUY,0.01,0,0.01,0.38,YES,520067.30,
2026.09.10 03:58:42,ORDER_FILL,XAUUSD+,PERIOD_M1,4403.63,BUY,0.01,0,0.01,0.38,YES,520067.18,
2026.09.10 03:58:48,ORDER_FILL,XAUUSD+,PERIOD_M1,4402.18,SELL,0.01,0,0.01,-0.10,YES,520074.48,
2026.09.10 03:58:53,ORDER_FILL,XAUUSD+,PERIOD_M1,4401.88,SELL,0.01,0,0.01,0.08,YES,520067.06,
2026.09.10 03:58:55,ORDER_FILL,XAUUSD+,PERIOD_M1,4401.58,SELL,0.01,0,0.01,1.92,YES,520046.38,
2026.09.10 03:58:56,ORDER_FILL,XAUUSD+,PERIOD_M1,4401.28,SELL,0.01,0,0.01,1.92,YES,520046.38,
2026.09.10 03:58:57,ORDER_FILL,XAUUSD+,PERIOD_M1,4400.98,SELL,0.01,0,0.01,2.19,YES,520046.38,
2026.09.10 04:00:42,ORDER_FILL,XAUUSD+,PERIOD_M1,0.00,SELL,0.00,0,0.00,-1.48,YES,520055.91,
2026.09.10 04:00:42,ORDER_FILL,XAUUSD+,PERIOD_M1,4400.63,SELL,0.01,0,0.00,-1.48,YES,520056.02,
2026.09.10 04:04:35,ORDER_FILL,XAUUSD+,PERIOD_M1,4409.86,SELL,0.01,0,0.01,0.00,YES,520081.92,
2026.09.10 04:04:36,ORDER_FILL,XAUUSD+,PERIOD_M1,4409.56,SELL,0.01,0,0.01,-0.05,YES,520074.29,
2026.09.10 04:04:37,ORDER_FILL,XAUUSD+,PERIOD_M1,4409.26,SELL,0.01,0,0.01,0.44,YES,520067.23,
2026.09.10 04:04:57,ORDER_FILL,XAUUSD+,PERIOD_M1,4408.96,SELL,0.01,0,0.01,-3.44,YES,520055.88,
2026.09.10 04:04:57,ORDER_FILL,XAUUSD+,PERIOD_M1,4408.66,SELL,0.01,0,0.01,-3.44,YES,520055.92,
2026.09.10 04:04:57,ORDER_FILL,XAUUSD+,PERIOD_M1,4408.36,SELL,0.01,0,0.01,-3.44,YES,520055.84,
2026.09.10 04:05:39,ORDER_FILL,XAUUSD+,PERIOD_M1,0.00,SELL,0.00,0,0.01,-2.14,YES,520067.32,
2026.09.10 04:05:39,ORDER_FILL,XAUUSD+,PERIOD_M1,4407.91,SELL,0.01,0,0.01,-2.14,YES,520067.28,
2026.09.10 04:05:40,ORDER_FILL,XAUUSD+,PERIOD_M1,4407.61,SELL,0.01,0,0.01,-2.14,YES,520067.32,
2026.09.10 04:08:03,ORDER_FILL,XAUUSD+,PERIOD_M1,0.00,SELL,0.00,0,0.00,0.00,NO,520096.40,
2026.09.10 04:08:04,ORDER_FILL,XAUUSD+,PERIOD_M1,0.00,SELL,0.00,0,0.00,0.00,NO,520096.40,
2026.09.10 04:08:04,ORDER_FILL,XAUUSD+,PERIOD_M1,0.00,SELL,0.00,0,0.00,0.00,NO,520096.40,
2026.09.10 04:09:42,ORDER_FILL,XAUUSD+,PERIOD_M1,0.00,SELL,0.00,0,0.00,0.00,NO,520099.13,
2026.09.10 04:09:42,ORDER_FILL,XAUUSD+,PERIOD_M1,0.00,SELL,0.00,0,0.00,0.00,NO,520099.13,
2026.09.10 04:09:42,ORDER_FILL,XAUUSD+,PERIOD_M1,0.00,SELL,0.00,0,0.00,0.00,NO,520099.13,
2026.09.10 04:10:47,ORDER_FILL,XAUUSD+,PERIOD_M1,4418.74,BUY,0.01,0,0.01,0.00,YES,520091.50,
2026.09.10 04:13:11,ORDER_FILL,XAUUSD+,PERIOD_M1,4413.86,SELL,0.01,0,0.01,-0.93,YES,520072.97,
2026.09.10 04:13:11,ORDER_FILL,XAUUSD+,PERIOD_M1,4413.56,SELL,0.01,0,0.01,-0.93,YES,520073.09,
2026.09.10 04:13:11,ORDER_FILL,XAUUSD+,PERIOD_M1,4413.26,SELL,0.01,0,0.01,-0.93,YES,520073.09,
2026.09.10 04:14:27,ORDER_FILL,XAUUSD+,PERIOD_M1,4413.63,SELL,0.01,0,0.01,2.76,YES,520073.09,
2026.09.10 04:14:27,ORDER_FILL,XAUUSD+,PERIOD_M1,4413.33,SELL,0.01,0,0.01,2.76,YES,520072.98,
2026.09.10 04:14:27,ORDER_FILL,XAUUSD+,PERIOD_M1,4413.03,SELL,0.01,0,0.01,2.76,YES,520072.67,
2026.09.10 04:16:33,ORDER_FILL,XAUUSD+,PERIOD_M1,0.00,SELL,0.00,0,0.01,-0.47,YES,520086.29,
2026.09.10 04:18:33,ORDER_FILL,XAUUSD+,PERIOD_M1,4414.55,BUY,0.01,0,0.00,-0.93,YES,520077.55,
2026.09.10 04:18:33,ORDER_FILL,XAUUSD+,PERIOD_M1,4414.85,BUY,0.01,0,0.00,-0.93,YES,520077.55,
2026.09.10 04:19:13,ORDER_FILL,XAUUSD+,PERIOD_M1,0.00,SELL,0.00,0,0.00,0.00,NO,520094.93,
2026.09.10 04:19:54,ORDER_FILL,XAUUSD+,PERIOD_M1,4415.88,BUY,0.01,0,0.01,-0.10,YES,520087.19,
2026.09.10 04:22:59,ORDER_FILL,XAUUSD+,PERIOD_M1,0.00,SELL,0.00,0,0.00,0.00,NO,520098.41,
2026.09.10 04:23:18,ORDER_FILL,XAUUSD+,PERIOD_M1,0.00,SELL,0.00,0,0.00,0.00,NO,520098.41,
2026.09.10 04:23:18,ORDER_FILL,XAUUSD+,PERIOD_M1,0.00,SELL,0.00,0,0.00,0.00,NO,520098.41,
2026.09.10 04:25:10,ORDER_FILL,XAUUSD+,PERIOD_M1,0.00,SELL,0.00,0,0.01,0.44,YES,520091.74,
2026.09.10 04:25:10,ORDER_FILL,XAUUSD+,PERIOD_M1,4415.16,BUY,0.01,0,0.01,0.44,YES,520091.71,
2026.09.10 04:25:10,ORDER_FILL,XAUUSD+,PERIOD_M1,4415.46,BUY,0.01,0,0.01,0.44,YES,520091.71,
2026.09.10 04:25:38,ORDER_FILL,XAUUSD+,PERIOD_M1,4415.43,BUY,0.01,0,0.01,0.04,YES,520076.38,
2026.09.10 04:25:38,ORDER_FILL,XAUUSD+,PERIOD_M1,4415.73,BUY,0.01,0,0.01,0.04,YES,520076.42,
2026.09.10 04:26:27,ORDER_FILL,XAUUSD+,PERIOD_M1,4416.53,BUY,0.01,0,0.01,-0.27,YES,520083.92,
2026.09.10 04:29:14,ORDER_FILL,XAUUSD+,PERIOD_M1,4411.79,SELL,0.01,0,0.01,-0.16,YES,520082.68,
2026.09.10 04:30:19,ORDER_FILL,XAUUSD+,PERIOD_M1,4411.17,SELL,0.01,0,0.01,1.41,YES,520060.71,
2026.09.10 04:30:21,ORDER_FILL,XAUUSD+,PERIOD_M1,0.00,SELL,0.00,0,0.00,0.00,NO,520090.76,
2026.09.10 04:30:53,ORDER_FILL,XAUUSD+,PERIOD_M1,4410.35,SELL,0.01,0,0.01,1.21,YES,520069.33,
2026.09.10 04:31:28,ORDER_FILL,XAUUSD+,PERIOD_M1,4410.05,SELL,0.01,0,0.01,1.21,YES,520070.24,
2026.09.10 04:31:28,ORDER_FILL,XAUUSD+,PERIOD_M1,4409.75,SELL,0.01,0,0.01,1.21,YES,520070.06,
2026.09.10 04:32:33,ORDER_FILL,XAUUSD+,PERIOD_M1,4407.84,SELL,0.01,0,0.01,0.00,YES,520084.87,
2026.09.10 04:32:36,ORDER_FILL,XAUUSD+,PERIOD_M1,4407.54,SELL,0.01,0,0.01,0.07,YES,520077.31,
2026.09.10 04:34:46,ORDER_FILL,XAUUSD+,PERIOD_M1,4405.84,SELL,0.01,0,0.01,-0.93,YES,520076.03,
2026.09.10 04:34:46,ORDER_FILL,XAUUSD+,PERIOD_M1,4405.54,SELL,0.01,0,0.01,-0.93,YES,520076.03,
2026.09.10 04:36:10,ORDER_FILL,XAUUSD+,PERIOD_M1,4409.02,BUY,0.01,0,0.01,0.00,YES,520080.82,
2026.09.10 04:36:39,ORDER_FILL,XAUUSD+,PERIOD_M1,4409.02,BUY,0.01,0,0.01,0.00,YES,520080.70,
2026.09.10 04:37:01,ORDER_FILL,XAUUSD+,PERIOD_M1,0.00,SELL,0.00,0,0.00,0.00,NO,520089.06,
2026.09.10 04:37:01,ORDER_FILL,XAUUSD+,PERIOD_M1,0.00,SELL,0.00,0,0.00,0.00,NO,520089.06,
2026.09.10 04:37:45,ORDER_FILL,XAUUSD+,PERIOD_M1,4409.98,BUY,0.01,0,0.01,-0.05,YES,520073.80,
2026.09.10 04:37:46,ORDER_FILL,XAUUSD+,PERIOD_M1,4410.28,BUY,0.01,0,0.01,-0.05,YES,520073.80,
2026.09.10 04:38:44,ORDER_FILL,XAUUSD+,PERIOD_M1,4410.58,BUY,0.01,0,0.01,-3.08,YES,520069.43,
2026.09.10 04:43:21,ORDER_FILL,XAUUSD+,PERIOD_M1,0.00,SELL,0.00,0,0.00,0.00,NO,520084.39,
2026.09.10 04:43:21,ORDER_FILL,XAUUSD+,PERIOD_M1,0.00,SELL,0.00,0,0.00,0.00,NO,520084.39,
2026.09.10 04:43:21,ORDER_FILL,XAUUSD+,PERIOD_M1,0.00,SELL,0.00,0,0.00,0.00,NO,520084.39,
2026.09.10 04:44:23,ORDER_FILL,XAUUSD+,PERIOD_M1,4409.06,BUY,0.01,0,0.01,-0.45,YES,520076.30,
2026.09.10 04:46:01,ORDER_FILL,XAUUSD+,PERIOD_M1,4409.36,BUY,0.01,0,0.01,-0.60,YES,520050.02,
2026.09.10 04:46:02,ORDER_FILL,XAUUSD+,PERIOD_M1,4409.66,BUY,0.01,0,0.01,-0.60,YES,520050.15,
2026.09.10 04:46:02,ORDER_FILL,XAUUSD+,PERIOD_M1,4409.96,BUY,0.01,0,0.01,-0.60,YES,520050.50,
2026.09.10 04:46:02,ORDER_FILL,XAUUSD+,PERIOD_M1,4410.26,BUY,0.01,0,0.01,-0.60,YES,520050.37,
2026.09.10 04:48:21,ORDER_FILL,XAUUSD+,PERIOD_M1,4412.79,SELL,0.01,0,0.01,0.00,YES,520080.65,
2026.09.10 04:50:58,ORDER_FILL,XAUUSD+,PERIOD_M1,0.00,SELL,0.00,0,0.01,-2.39,YES,520069.42,
2026.09.10 04:50:58,ORDER_FILL,XAUUSD+,PERIOD_M1,4413.97,BUY,0.01,0,0.01,-2.39,YES,520069.42,
2026.09.10 04:50:58,ORDER_FILL,XAUUSD+,PERIOD_M1,4414.27,BUY,0.01,0,0.01,-2.39,YES,520069.42,
2026.09.10 04:51:22,ORDER_FILL,XAUUSD+,PERIOD_M1,4412.06,SELL,0.01,0,0.01,-0.14,YES,520054.21,
2026.09.10 04:51:22,ORDER_FILL,XAUUSD+,PERIOD_M1,4411.76,SELL,0.01,0,0.01,-0.14,YES,520054.21,
2026.09.10 04:51:22,ORDER_FILL,XAUUSD+,PERIOD_M1,4411.46,SELL,0.01,0,0.01,-0.14,YES,520054.21,
2026.09.10 04:51:22,ORDER_FILL,XAUUSD+,PERIOD_M1,4411.16,SELL,0.01,0,0.01,-0.14,YES,520054.28,
2026.09.10 04:52:42,ORDER_FILL,XAUUSD+,PERIOD_M1,0.00,SELL,0.00,0,0.00,0.00,NO,520090.56,
2026.09.10 04:52:43,ORDER_FILL,XAUUSD+,PERIOD_M1,0.00,SELL,0.00,0,0.00,0.00,NO,520090.56,
2026.09.10 04:52:43,ORDER_FILL,XAUUSD+,PERIOD_M1,0.00,SELL,0.00,0,0.00,0.00,NO,520090.56,
2026.09.10 04:52:43,ORDER_FILL,XAUUSD+,PERIOD_M1,0.00,SELL,0.00,0,0.00,0.00,NO,520090.56,
2026.09.10 04:54:48,ORDER_FILL,XAUUSD+,PERIOD_M1,4409.43,SELL,0.01,0,0.01,-2.14,YES,520045.59,
2026.09.10 04:54:49,ORDER_FILL,XAUUSD+,PERIOD_M1,4409.13,SELL,0.01,0,0.01,-2.14,YES,520045.85,
2026.09.10 04:54:49,ORDER_FILL,XAUUSD+,PERIOD_M1,4408.83,SELL,0.01,0,0.01,-2.14,YES,520046.06,
2026.09.10 04:54:51,ORDER_FILL,XAUUSD+,PERIOD_M1,0.00,SELL,0.00,0,0.00,0.00,NO,520090.97,
2026.09.10 04:54:51,ORDER_FILL,XAUUSD+,PERIOD_M1,0.00,SELL,0.00,0,0.00,0.00,NO,520090.97,
2026.09.10 04:54:51,ORDER_FILL,XAUUSD+,PERIOD_M1,0.00,SELL,0.00,0,0.00,0.00,NO,520090.97,
2026.09.10 04:55:21,ORDER_FILL,XAUUSD+,PERIOD_M1,0.00,SELL,0.00,0,0.00,0.00,NO,520095.03,
2026.09.10 04:56:17,ORDER_FILL,XAUUSD+,PERIOD_M1,0.00,SELL,0.00,0,0.00,0.00,NO,520095.03,
2026.09.10 04:56:17,ORDER_FILL,XAUUSD+,PERIOD_M1,0.00,SELL,0.00,0,0.00,0.00,NO,520095.03,
2026.09.10 04:58:52,ORDER_FILL,XAUUSD+,PERIOD_M1,4410.50,BUY,0.01,0,0.01,0.00,YES,520086.23,
2026.09.10 04:59:14,ORDER_FILL,XAUUSD+,PERIOD_M1,0.00,SELL,0.00,0,0.00,0.00,NO,520094.72,
2026.09.10 04:59:31,ORDER_FILL,XAUUSD+,PERIOD_M1,0.00,SELL,0.00,0,0.00,0.00,NO,520094.72,
2026.09.10 04:59:31,ORDER_FILL,XAUUSD+,PERIOD_M1,0.00,SELL,0.00,0,0.00,0.00,NO,520094.72,
2026.09.10 05:00:44,ORDER_FILL,XAUUSD+,PERIOD_M1,0.00,SELL,0.00,0,0.00,0.00,NO,520094.92,
2026.09.10 05:01:35,ORDER_FILL,XAUUSD+,PERIOD_M1,0.00,SELL,0.00,0,0.00,0.00,NO,520094.92,
2026.09.10 05:01:35,ORDER_FILL,XAUUSD+,PERIOD_M1,0.00,SELL,0.00,0,0.00,0.00,NO,520094.92,
2026.09.10 05:03:08,ORDER_FILL,XAUUSD+,PERIOD_M1,0.00,SELL,0.00,0,0.00,0.00,NO,520094.66,
2026.09.10 05:03:08,ORDER_FILL,XAUUSD+,PERIOD_M1,0.00,SELL,0.00,0,0.00,0.00,NO,520094.66,
2026.09.10 05:03:08,ORDER_FILL,XAUUSD+,PERIOD_M1,0.00,SELL,0.00,0,0.00,0.00,NO,520094.66,
2026.09.10 05:04:53,ORDER_FILL,XAUUSD+,PERIOD_M1,4414.96,SELL,0.01,0,0.01,-0.20,YES,520086.89,
2026.09.10 05:07:31,ORDER_FILL,XAUUSD+,PERIOD_M1,4415.98,SELL,0.01,0,0.01,-0.31,YES,520078.91,
2026.09.10 05:07:31,ORDER_FILL,XAUUSD+,PERIOD_M1,4415.68,SELL,0.01,0,0.01,-0.31,YES,520078.93,
2026.09.10 05:10:42,ORDER_FILL,XAUUSD+,PERIOD_M1,4416.25,SELL,0.01,0,0.01,-0.07,YES,520082.90,
2026.09.10 05:11:34,ORDER_FILL,XAUUSD+,PERIOD_M1,4414.81,SELL,0.01,0,0.01,0.00,YES,520082.79,
2026.09.10 05:11:36,ORDER_FILL,XAUUSD+,PERIOD_M1,0.00,SELL,0.00,0,0.00,0.00,NO,520090.19,
2026.09.10 05:12:24,ORDER_FILL,XAUUSD+,PERIOD_M1,4414.77,SELL,0.01,0,0.00,1.70,YES,520072.85,
2026.09.10 05:12:24,ORDER_FILL,XAUUSD+,PERIOD_M1,4414.51,SELL,0.01,0,0.00,1.70,YES,520072.88,
2026.09.10 05:12:25,ORDER_FILL,XAUUSD+,PERIOD_M1,0.00,SELL,0.00,0,0.00,0.00,NO,520095.42,
2026.09.10 05:14:50,ORDER_FILL,XAUUSD+,PERIOD_M1,4415.47,BUY,0.01,0,0.01,-1.06,YES,520086.74,
2026.09.10 05:19:17,ORDER_FILL,XAUUSD+,PERIOD_M1,4409.08,SELL,0.01,0,0.01,-1.37,YES,520069.74,
2026.09.10 05:19:18,ORDER_FILL,XAUUSD+,PERIOD_M1,4408.78,SELL,0.01,0,0.01,-1.37,YES,520069.77,
2026.09.10 05:19:18,ORDER_FILL,XAUUSD+,PERIOD_M1,4408.48,SELL,0.01,0,0.01,-1.37,YES,520069.77,
2026.09.10 05:20:30,ORDER_FILL,XAUUSD+,PERIOD_M1,4409.88,BUY,0.01,0,0.01,0.42,YES,520078.61,
2026.09.10 05:20:31,ORDER_FILL,XAUUSD+,PERIOD_M1,4410.18,BUY,0.01,0,0.01,0.42,YES,520078.56,
2026.09.10 05:20:38,ORDER_FILL,XAUUSD+,PERIOD_M1,0.00,SELL,0.00,0,0.00,0.00,NO,520093.71,
2026.09.10 05:23:31,ORDER_FILL,XAUUSD+,PERIOD_M1,0.00,SELL,0.00,0,0.00,0.00,NO,520095.29,
2026.09.10 05:23:31,ORDER_FILL,XAUUSD+,PERIOD_M1,0.00,SELL,0.00,0,0.00,0.00,NO,520095.29,
2026.09.10 05:23:31,ORDER_FILL,XAUUSD+,PERIOD_M1,0.00,SELL,0.00,0,0.00,0.00,NO,520095.29,
2026.09.10 05:23:31,ORDER_FILL,XAUUSD+,PERIOD_M1,0.00,SELL,0.00,0,0.00,0.00,NO,520095.29,
2026.09.10 05:27:33,ORDER_FILL,XAUUSD+,PERIOD_M1,0.00,SELL,0.00,0,0.00,-0.46,YES,520094.03,
2026.09.10 05:29:37,ORDER_FILL,XAUUSD+,PERIOD_M1,4416.43,BUY,0.01,0,0.01,0.00,YES,520086.57,
2026.09.10 05:29:37,ORDER_FILL,XAUUSD+,PERIOD_M1,4416.73,BUY,0.01,0,0.01,0.00,YES,520078.89,
2026.09.10 05:30:22,ORDER_FILL,XAUUSD+,PERIOD_M1,0.00,SELL,0.00,0,0.00,0.00,NO,520095.24,
2026.09.10 05:30:22,ORDER_FILL,XAUUSD+,PERIOD_M1,0.00,SELL,0.00,0,0.00,0.00,NO,520095.24,
2026.09.10 05:30:22,ORDER_FILL,XAUUSD+,PERIOD_M1,0.00,SELL,0.00,0,0.00,0.00,NO,520095.24,
2026.09.10 05:32:46,ORDER_FILL,XAUUSD+,PERIOD_M1,4413.05,SELL,0.01,0,0.01,-0.02,YES,520087.60,
2026.09.10 05:33:07,ORDER_FILL,XAUUSD+,PERIOD_M1,0.00,SELL,0.00,0,0.00,0.00,NO,520095.58,
2026.09.10 05:34:14,ORDER_FILL,XAUUSD+,PERIOD_M1,4413.16,BUY,0.01,0,0.01,0.00,YES,520087.99,
2026.09.10 05:35:29,ORDER_FILL,XAUUSD+,PERIOD_M1,4416.28,BUY,0.01,0,0.01,0.00,YES,520087.94,
2026.09.10 05:37:31,ORDER_FILL,XAUUSD+,PERIOD_M1,4414.79,SELL,0.01,0,0.01,-0.18,YES,520078.45,
2026.09.10 05:37:31,ORDER_FILL,XAUUSD+,PERIOD_M1,4414.63,SELL,0.01,0,0.01,-0.66,YES,520078.45,
2026.09.10 05:38:49,ORDER_FILL,XAUUSD+,PERIOD_M1,0.00,SELL,0.00,0,0.00,0.00,NO,520095.57,
2026.09.10 05:38:49,ORDER_FILL,XAUUSD+,PERIOD_M1,0.00,SELL,0.00,0,0.00,0.00,NO,520095.57,
2026.09.10 05:40:30,ORDER_FILL,XAUUSD+,PERIOD_M1,4420.43,BUY,0.01,0,0.01,-0.18,YES,520087.76,
2026.09.10 05:41:09,ORDER_FILL,XAUUSD+,PERIOD_M1,4420.73,BUY,0.01,0,0.01,-1.52,YES,520085.16,
2026.09.10 05:41:13,ORDER_FILL,XAUUSD+,PERIOD_M1,4418.46,SELL,0.01,0,0.01,0.00,YES,520085.06,
2026.09.10 05:42:12,ORDER_FILL,XAUUSD+,PERIOD_M1,4418.16,SELL,0.01,0,0.01,0.08,YES,520072.78,
2026.09.10 05:42:13,ORDER_FILL,XAUUSD+,PERIOD_M1,4417.86,SELL,0.01,0,0.01,0.08,YES,520072.78,
2026.09.10 05:44:23,ORDER_FILL,XAUUSD+,PERIOD_M1,4418.61,SELL,0.01,0,0.01,0.00,YES,520080.16,
2026.09.10 05:45:04,ORDER_FILL,XAUUSD+,PERIOD_M1,4418.31,SELL,0.01,0,0.01,0.52,YES,520049.54,
2026.09.10 05:45:04,ORDER_FILL,XAUUSD+,PERIOD_M1,4418.01,SELL,0.01,0,0.01,0.52,YES,520049.29,
2026.09.10 05:45:23,ORDER_FILL,XAUUSD+,PERIOD_M1,4417.71,SELL,0.01,0,0.01,0.52,YES,520049.67,
2026.09.10 05:45:23,ORDER_FILL,XAUUSD+,PERIOD_M1,4417.41,SELL,0.01,0,0.01,0.52,YES,520049.63,
2026.09.10 05:46:28,ORDER_FILL,XAUUSD+,PERIOD_M1,0.00,SELL,0.00,0,0.00,0.00,NO,520088.69,
2026.09.10 05:46:32,ORDER_FILL,XAUUSD+,PERIOD_M1,4417.47,SELL,0.01,0,0.01,0.00,YES,520081.02,
2026.09.10 05:47:11,ORDER_FILL,XAUUSD+,PERIOD_M1,4418.20,BUY,0.01,1,0.01,-0.71,YES,520087.92,
2026.09.10 05:48:40,ORDER_FILL,XAUUSD+,PERIOD_M1,4418.50,BUY,0.01,1,0.01,0.86,YES,520053.28,
2026.09.10 05:51:24,ORDER_FILL,XAUUSD+,PERIOD_M1,0.00,SELL,0.00,0,0.00,0.00,NO,520081.47,
2026.09.10 05:53:30,ORDER_FILL,XAUUSD+,PERIOD_M1,0.00,SELL,0.00,0,0.00,0.00,NO,520081.48,
2026.09.10 05:53:30,ORDER_FILL,XAUUSD+,PERIOD_M1,0.00,SELL,0.00,0,0.00,0.00,NO,520081.48,
2026.09.10 05:56:06,ORDER_FILL,XAUUSD+,PERIOD_M1,0.00,SELL,0.00,0,0.00,-0.87,YES,520072.86,
2026.09.10 05:56:06,ORDER_FILL,XAUUSD+,PERIOD_M1,4419.88,SELL,0.01,0,0.00,-0.87,YES,520072.86,
2026.09.10 05:56:18,ORDER_FILL,XAUUSD+,PERIOD_M1,4419.35,SELL,0.01,0,0.01,0.00,YES,520072.71,
2026.09.10 05:56:22,ORDER_FILL,XAUUSD+,PERIOD_M1,4419.06,SELL,0.01,0,0.01,0.07,YES,520065.12,
2026.09.10 05:56:26,ORDER_FILL,XAUUSD+,PERIOD_M1,4418.76,SELL,0.01,0,0.01,0.55,YES,520058.02,
2026.09.10 05:58:44,ORDER_FILL,XAUUSD+,PERIOD_M1,4418.07,SELL,0.01,0,0.01,-0.80,YES,520054.66,
2026.09.10 05:58:45,ORDER_FILL,XAUUSD+,PERIOD_M1,4417.77,SELL,0.01,0,0.01,-0.80,YES,520054.63,
2026.09.10 05:58:45,ORDER_FILL,XAUUSD+,PERIOD_M1,4417.47,SELL,0.01,0,0.01,-0.80,YES,520054.61,
2026.09.10 05:59:48,ORDER_FILL,XAUUSD+,PERIOD_M1,4419.39,BUY,0.01,1,0.01,-3.22,YES,520067.29,
2026.09.10 06:00:35,ORDER_FILL,XAUUSD+,PERIOD_M1,4419.65,BUY,0.01,0,0.01,-0.15,YES,520067.04,
2026.09.10 06:00:38,ORDER_FILL,XAUUSD+,PERIOD_M1,0.00,SELL,0.00,0,0.00,0.00,NO,520076.30,
2026.09.10 06:00:38,ORDER_FILL,XAUUSD+,PERIOD_M1,0.00,SELL,0.00,0,0.00,0.00,NO,520076.30,
2026.09.10 06:00:38,ORDER_FILL,XAUUSD+,PERIOD_M1,0.00,SELL,0.00,0,0.00,0.00,NO,520076.30,
2026.09.10 06:06:18,ORDER_FILL,XAUUSD+,PERIOD_M1,4415.53,SELL,0.01,0,0.01,-0.15,YES,520068.53,
2026.09.10 06:07:01,ORDER_FILL,XAUUSD+,PERIOD_M1,0.00,SELL,0.00,0,0.00,0.00,NO,520076.00,
2026.09.10 06:07:44,ORDER_FILL,XAUUSD+,PERIOD_M1,4415.09,SELL,0.01,0,0.01,0.04,YES,520060.81,
2026.09.10 06:07:44,ORDER_FILL,XAUUSD+,PERIOD_M1,4414.79,SELL,0.01,0,0.01,0.04,YES,520060.81,
2026.09.10 06:08:24,ORDER_FILL,XAUUSD+,PERIOD_M1,4414.49,SELL,0.01,0,0.01,4.02,YES,520034.64,
2026.09.10 06:08:24,ORDER_FILL,XAUUSD+,PERIOD_M1,4414.19,SELL,0.01,0,0.01,4.02,YES,520034.32,
2026.09.10 06:08:24,ORDER_FILL,XAUUSD+,PERIOD_M1,4413.89,SELL,0.01,0,0.01,4.02,YES,520034.27,
2026.09.10 06:08:24,ORDER_FILL,XAUUSD+,PERIOD_M1,4413.59,SELL,0.01,0,0.01,4.02,YES,520034.22,
2026.09.10 06:09:22,ORDER_FILL,XAUUSD+,PERIOD_M1,4411.83,SELL,0.01,0,0.01,-0.64,YES,520070.47,
2026.09.10 06:10:21,ORDER_FILL,XAUUSD+,PERIOD_M1,0.00,SELL,0.00,0,0.00,0.00,NO,520077.47,
2026.09.10 06:10:21,ORDER_FILL,XAUUSD+,PERIOD_M1,0.00,SELL,0.00,0,0.00,0.00,NO,520077.47,
2026.09.10 06:10:21,ORDER_FILL,XAUUSD+,PERIOD_M1,0.00,SELL,0.00,0,0.00,0.00,NO,520077.47,
2026.09.10 06:13:59,ORDER_FILL,XAUUSD+,PERIOD_M1,4413.71,SELL,0.01,0,0.01,-0.28,YES,520062.04,
2026.09.10 06:13:59,ORDER_FILL,XAUUSD+,PERIOD_M1,4413.41,SELL,0.01,0,0.01,-0.28,YES,520062.05,
2026.09.10 06:14:18,ORDER_FILL,XAUUSD+,PERIOD_M1,4413.11,SELL,0.01,0,0.01,0.10,YES,520054.73,
2026.09.10 06:15:44,ORDER_FILL,XAUUSD+,PERIOD_M1,4413.65,BUY,0.01,0,0.01,-0.06,YES,520069.64,
2026.09.10 06:17:43,ORDER_FILL,XAUUSD+,PERIOD_M1,4412.41,SELL,0.01,1,0.01,-1.16,YES,520076.10,
2026.09.10 06:20:20,ORDER_FILL,XAUUSD+,PERIOD_M1,4414.68,BUY,0.01,0,0.01,-0.28,YES,520060.57,
2026.09.10 06:20:20,ORDER_FILL,XAUUSD+,PERIOD_M1,4414.98,BUY,0.01,0,0.01,-0.28,YES,520060.57,
2026.09.10 06:21:12,ORDER_FILL,XAUUSD+,PERIOD_M1,4413.35,SELL,0.01,1,0.01,-0.40,YES,520051.42,
2026.09.10 06:22:22,ORDER_FILL,XAUUSD+,PERIOD_M1,0.00,SELL,0.00,0,0.00,0.00,NO,520074.00,
2026.09.10 06:22:22,ORDER_FILL,XAUUSD+,PERIOD_M1,0.00,SELL,0.00,0,0.00,0.00,NO,520074.00,
2026.09.10 06:25:41,ORDER_FILL,XAUUSD+,PERIOD_M1,4412.29,SELL,0.01,0,0.01,-0.08,YES,520051.19,
2026.09.10 06:25:41,ORDER_FILL,XAUUSD+,PERIOD_M1,4411.99,SELL,0.01,0,0.01,-0.08,YES,520051.19,
2026.09.10 06:25:41,ORDER_FILL,XAUUSD+,PERIOD_M1,4411.69,SELL,0.01,0,0.01,-0.08,YES,520051.19,
2026.09.10 06:27:00,ORDER_FILL,XAUUSD+,PERIOD_M1,0.00,SELL,0.00,0,0.00,0.00,NO,520078.16,
2026.09.10 06:27:01,ORDER_FILL,XAUUSD+,PERIOD_M1,0.00,SELL,0.00,0,0.00,0.00,NO,520078.16,
2026.09.10 06:27:01,ORDER_FILL,XAUUSD+,PERIOD_M1,0.00,SELL,0.00,0,0.00,0.00,NO,520078.16,
2026.09.10 06:27:01,ORDER_FILL,XAUUSD+,PERIOD_M1,0.00,SELL,0.00,0,0.00,0.00,NO,520078.16,
2026.09.10 06:27:24,ORDER_FILL,XAUUSD+,PERIOD_M1,4409.74,SELL,0.01,0,0.01,-0.16,YES,520062.77,
2026.09.10 06:27:24,ORDER_FILL,XAUUSD+,PERIOD_M1,4409.44,SELL,0.01,0,0.01,-0.16,YES,520062.77,
2026.09.10 06:31:39,ORDER_FILL,XAUUSD+,PERIOD_M1,4411.42,BUY,0.01,0,0.01,0.00,YES,520067.41,
2026.09.10 06:31:59,ORDER_FILL,XAUUSD+,PERIOD_M1,4411.72,BUY,0.01,0,0.01,0.98,YES,520053.06,
2026.09.10 06:31:59,ORDER_FILL,XAUUSD+,PERIOD_M1,4412.02,BUY,0.01,0,0.01,0.98,YES,520053.06,
2026.09.10 06:32:18,ORDER_FILL,XAUUSD+,PERIOD_M1,4412.32,BUY,0.01,0,0.01,-0.45,YES,520067.09,
2026.09.10 06:32:41,ORDER_FILL,XAUUSD+,PERIOD_M1,4412.15,BUY,0.01,0,0.01,0.02,YES,520059.53,
2026.09.10 06:32:41,ORDER_FILL,XAUUSD+,PERIOD_M1,4412.45,BUY,0.01,0,0.01,0.02,YES,520059.53,
2026.09.10 06:38:31,ORDER_FILL,XAUUSD+,PERIOD_M1,0.00,SELL,0.00,0,0.00,-1.36,YES,520061.56,
2026.09.10 06:38:31,ORDER_FILL,XAUUSD+,PERIOD_M1,4410.46,BUY,0.01,0,0.00,-1.36,YES,520061.83,
2026.09.10 06:39:44,ORDER_FILL,XAUUSD+,PERIOD_M1,4408.59,SELL,0.01,0,0.01,-0.52,YES,520053.74,
2026.09.10 06:39:45,ORDER_FILL,XAUUSD+,PERIOD_M1,4408.29,SELL,0.01,0,0.01,-0.52,YES,520053.74,
2026.09.10 06:41:10,ORDER_FILL,XAUUSD+,PERIOD_M1,4407.99,SELL,0.01,0,0.01,0.24,YES,520046.52,
2026.09.10 06:41:39,ORDER_FILL,XAUUSD+,PERIOD_M1,4407.69,SELL,0.01,0,0.01,1.03,YES,520040.08,
2026.09.10 06:42:11,ORDER_FILL,XAUUSD+,PERIOD_M1,4407.39,SELL,0.01,0,0.01,2.02,YES,520033.46,
2026.09.10 06:43:12,ORDER_FILL,XAUUSD+,PERIOD_M1,4408.60,BUY,0.01,0,0.01,0.00,YES,520061.47,
2026.09.10 06:43:54,ORDER_FILL,XAUUSD+,PERIOD_M1,4407.37,SELL,0.01,1,0.01,-1.15,YES,520067.96,
2026.09.10 06:48:00,ORDER_FILL,XAUUSD+,PERIOD_M1,4409.38,BUY,0.01,0,0.01,-0.39,YES,520059.66,
2026.09.10 06:48:40,ORDER_FILL,XAUUSD+,PERIOD_M1,4409.68,BUY,0.01,0,0.01,-1.27,YES,520052.51,
2026.09.10 06:50:06,ORDER_FILL,XAUUSD+,PERIOD_M1,0.00,SELL,0.00,0,0.01,-0.26,YES,520056.99,
2026.09.10 06:50:06,ORDER_FILL,XAUUSD+,PERIOD_M1,4409.97,BUY,0.01,0,0.01,-0.26,YES,520056.96,
2026.09.10 06:53:51,ORDER_FILL,XAUUSD+,PERIOD_M1,4407.89,BUY,0.01,0,0.01,0.09,YES,520056.98,
2026.09.10 06:54:34,ORDER_FILL,XAUUSD+,PERIOD_M1,4408.19,BUY,0.01,0,0.01,0.08,YES,520042.17,
2026.09.10 06:54:34,ORDER_FILL,XAUUSD+,PERIOD_M1,4408.49,BUY,0.01,0,0.01,0.49,YES,520042.17,
2026.09.10 06:56:32,ORDER_FILL,XAUUSD+,PERIOD_M1,0.00,SELL,0.00,0,0.00,0.00,NO,520064.26,
2026.09.10 06:56:32,ORDER_FILL,XAUUSD+,PERIOD_M1,0.00,SELL,0.00,0,0.00,0.00,NO,520064.26,
2026.09.10 06:56:32,ORDER_FILL,XAUUSD+,PERIOD_M1,0.00,SELL,0.00,0,0.00,0.00,NO,520064.26,
2026.09.10 06:58:11,ORDER_FILL,XAUUSD+,PERIOD_M1,4408.94,BUY,0.01,0,0.01,-1.57,YES,520039.85,
2026.09.10 06:58:11,ORDER_FILL,XAUUSD+,PERIOD_M1,4409.24,BUY,0.01,0,0.01,-1.57,YES,520039.85,
2026.09.10 06:58:11,ORDER_FILL,XAUUSD+,PERIOD_M1,4409.54,BUY,0.01,0,0.01,-1.57,YES,520039.85,
2026.09.10 07:00:35,ORDER_FILL,XAUUSD+,PERIOD_M1,4409.56,BUY,0.01,0,0.01,1.30,YES,520028.16,
2026.09.10 07:00:35,ORDER_FILL,XAUUSD+,PERIOD_M1,4409.86,BUY,0.01,0,0.01,1.30,YES,520028.03,
2026.09.10 07:01:20,ORDER_FILL,XAUUSD+,PERIOD_M1,4410.02,BUY,0.01,0,0.01,0.57,YES,520042.79,
2026.09.10 07:01:20,ORDER_FILL,XAUUSD+,PERIOD_M1,4410.32,BUY,0.01,0,0.01,0.57,YES,520042.76,
2026.09.10 07:01:20,ORDER_FILL,XAUUSD+,PERIOD_M1,4410.62,BUY,0.01,0,0.01,0.57,YES,520042.73,
2026.09.10 07:02:23,ORDER_FILL,XAUUSD+,PERIOD_M1,4410.73,BUY,0.01,0,0.01,-0.11,YES,520057.20,
2026.09.10 07:02:48,ORDER_FILL,XAUUSD+,PERIOD_M1,4409.45,SELL,0.01,1,0.01,-1.19,YES,520063.67,
2026.09.10 07:06:02,ORDER_FILL,XAUUSD+,PERIOD_M1,4413.37,BUY,0.01,0,0.01,0.00,YES,520055.94,
2026.09.10 07:06:25,ORDER_FILL,XAUUSD+,PERIOD_M1,4413.67,BUY,0.01,0,0.01,-0.07,YES,520048.22,
2026.09.10 07:06:49,ORDER_FILL,XAUUSD+,PERIOD_M1,4413.97,BUY,0.01,0,0.01,1.01,YES,520042.01,
2026.09.10 07:07:09,ORDER_FILL,XAUUSD+,PERIOD_M1,4414.27,BUY,0.01,0,0.01,0.20,YES,520033.38,
2026.09.10 07:07:42,ORDER_FILL,XAUUSD+,PERIOD_M1,4414.26,BUY,0.01,0,0.01,0.00,YES,520055.81,
2026.09.10 07:08:30,ORDER_FILL,XAUUSD+,PERIOD_M1,4413.00,SELL,0.01,1,0.01,-1.18,YES,520062.29,
2026.09.10 07:12:03,ORDER_FILL,XAUUSD+,PERIOD_M1,4415.43,BUY,0.01,0,0.01,0.00,YES,520054.59,
2026.09.10 07:12:36,ORDER_FILL,XAUUSD+,PERIOD_M1,4415.73,BUY,0.01,0,0.01,-0.36,YES,520046.69,
2026.09.10 07:15:06,ORDER_FILL,XAUUSD+,PERIOD_M1,4414.72,BUY,0.01,0,0.01,0.00,YES,520051.74,
2026.09.10 07:16:23,ORDER_FILL,XAUUSD+,PERIOD_M1,4415.02,BUY,0.01,0,0.01,-0.52,YES,520043.64,
2026.09.10 07:18:18,ORDER_FILL,XAUUSD+,PERIOD_M1,4415.32,BUY,0.01,0,0.01,-0.46,YES,520036.08,
2026.09.10 07:21:00,ORDER_FILL,XAUUSD+,PERIOD_M1,4415.62,BUY,0.01,0,0.01,-3.64,YES,520025.28,
2026.09.10 07:27:28,ORDER_FILL,XAUUSD+,PERIOD_M1,4413.55,SELL,0.01,1,0.01,-5.64,YES,520030.77,
2026.09.10 07:28:28,ORDER_FILL,XAUUSD+,PERIOD_M1,0.00,SELL,0.00,0,0.00,0.00,NO,520052.01,
2026.09.10 07:28:32,ORDER_FILL,XAUUSD+,PERIOD_M1,4412.89,SELL,0.01,0,0.01,0.00,YES,520044.31,
2026.09.10 07:28:34,ORDER_FILL,XAUUSD+,PERIOD_M1,0.00,SELL,0.00,0,0.00,0.00,NO,520051.90,
2026.09.10 07:29:30,ORDER_FILL,XAUUSD+,PERIOD_M1,0.00,SELL,0.00,0,0.00,0.00,NO,520051.87,
2026.09.10 07:29:30,ORDER_FILL,XAUUSD+,PERIOD_M1,0.00,SELL,0.00,0,0.00,0.00,NO,520051.87,
2026.09.10 07:30:49,ORDER_FILL,XAUUSD+,PERIOD_M1,4412.96,BUY,0.01,0,0.01,0.00,YES,520044.11,
2026.09.10 07:31:10,ORDER_FILL,XAUUSD+,PERIOD_M1,4413.26,BUY,0.01,0,0.01,-0.28,YES,520036.35,
2026.09.10 07:31:18,ORDER_FILL,XAUUSD+,PERIOD_M1,4413.56,BUY,0.01,0,0.00,-0.43,NO,520036.99,
2026.09.10 07:32:41,ORDER_FILL,XAUUSD+,PERIOD_M1,4412.81,SELL,0.01,0,0.01,0.00,YES,520044.41,
2026.09.10 07:32:43,ORDER_FILL,XAUUSD+,PERIOD_M1,0.00,SELL,0.00,0,0.00,0.00,NO,520052.10,
2026.09.10 07:37:30,ORDER_FILL,XAUUSD+,PERIOD_M1,4410.05,SELL,0.01,0,0.01,-0.31,YES,520044.18,
2026.09.10 07:38:13,ORDER_FILL,XAUUSD+,PERIOD_M1,0.00,SELL,0.00,0,0.00,0.00,NO,520052.94,
2026.09.10 07:38:51,ORDER_FILL,XAUUSD+,PERIOD_M1,0.00,SELL,0.00,0,0.00,0.00,NO,520052.94,
2026.09.10 07:41:40,ORDER_FILL,XAUUSD+,PERIOD_M1,4406.64,SELL,0.01,0,0.01,-0.02,YES,520037.72,
2026.09.10 07:41:40,ORDER_FILL,XAUUSD+,PERIOD_M1,4406.34,SELL,0.01,0,0.01,-0.02,YES,520037.72,
2026.09.10 07:42:28,ORDER_FILL,XAUUSD+,PERIOD_M1,4406.04,SELL,0.01,0,0.01,-0.86,YES,520021.68,
2026.09.10 07:42:28,ORDER_FILL,XAUUSD+,PERIOD_M1,4405.74,SELL,0.01,0,0.01,-0.86,YES,520021.68,
2026.09.10 07:45:33,ORDER_FILL,XAUUSD+,PERIOD_M1,4407.00,BUY,0.01,0,0.01,-0.25,YES,520043.79,
2026.09.10 07:45:45,ORDER_FILL,XAUUSD+,PERIOD_M1,4407.30,BUY,0.01,0,0.01,0.14,YES,520036.48,
2026.09.10 07:46:35,ORDER_FILL,XAUUSD+,PERIOD_M1,4407.35,BUY,0.01,0,0.01,0.05,YES,520036.43,
2026.09.10 07:46:35,ORDER_FILL,XAUUSD+,PERIOD_M1,4407.65,BUY,0.01,0,0.01,0.05,YES,520036.36,
2026.09.10 07:47:58,ORDER_FILL,XAUUSD+,PERIOD_M1,4407.95,BUY,0.01,0,0.01,1.03,YES,520029.80,
2026.09.10 07:48:02,ORDER_FILL,XAUUSD+,PERIOD_M1,4408.25,BUY,0.01,0,0.01,3.71,YES,520010.66,
2026.09.10 07:48:02,ORDER_FILL,XAUUSD+,PERIOD_M1,4408.55,BUY,0.01,0,0.01,3.71,YES,520010.70,
2026.09.10 07:48:39,ORDER_FILL,XAUUSD+,PERIOD_M1,4408.85,BUY,0.01,0,0.01,3.71,YES,519994.11,
2026.09.10 07:48:40,ORDER_FILL,XAUUSD+,PERIOD_M1,4409.15,BUY,0.01,0,0.01,3.37,YES,519993.97,
2026.09.10 07:48:40,ORDER_FILL,XAUUSD+,PERIOD_M1,4409.45,BUY,0.01,0,0.01,3.37,YES,519993.97,
2026.09.10 07:49:24,ORDER_FILL,XAUUSD+,PERIOD_M1,4408.79,SELL,0.01,0,0.01,-0.24,YES,520047.65,
2026.09.10 07:50:27,ORDER_FILL,XAUUSD+,PERIOD_M1,4409.59,BUY,0.01,1,0.01,2.85,YES,520026.65,
2026.09.10 07:50:27,ORDER_FILL,XAUUSD+,PERIOD_M1,4409.89,BUY,0.01,1,0.01,2.85,YES,520026.65,
2026.09.10 07:52:34,ORDER_FILL,XAUUSD+,PERIOD_M1,4409.89,SELL,0.01,0,0.01,0.90,YES,520034.89,
2026.09.10 07:52:34,ORDER_FILL,XAUUSD+,PERIOD_M1,4409.59,SELL,0.01,0,0.01,0.90,YES,520034.89,
2026.09.10 07:52:34,ORDER_FILL,XAUUSD+,PERIOD_M1,4409.29,SELL,0.01,0,0.01,0.90,YES,520034.89,
2026.09.10 08:02:05,ORDER_FILL,XAUUSD+,PERIOD_M1,0.00,SELL,0.00,0,0.00,0.00,NO,520058.28,
2026.09.10 08:02:18,ORDER_FILL,XAUUSD+,PERIOD_M1,0.00,SELL,0.00,0,0.00,0.00,NO,520058.28,
2026.09.10 08:02:18,ORDER_FILL,XAUUSD+,PERIOD_M1,0.00,SELL,0.00,0,0.00,0.00,NO,520058.28,
2026.09.10 08:03:54,ORDER_FILL,XAUUSD+,PERIOD_M1,4410.89,SELL,0.01,0,0.01,0.00,YES,520050.63,
2026.09.10 08:04:06,ORDER_FILL,XAUUSD+,PERIOD_M1,4410.59,SELL,0.01,0,0.01,0.55,YES,520043.61,
2026.09.10 08:04:06,ORDER_FILL,XAUUSD+,PERIOD_M1,4410.29,SELL,0.01,0,0.01,0.48,YES,520035.73,
2026.09.10 08:04:45,ORDER_FILL,XAUUSD+,PERIOD_M1,4409.99,SELL,0.01,0,0.01,1.79,YES,520029.63,
2026.09.10 08:05:08,ORDER_FILL,XAUUSD+,PERIOD_M1,4409.69,SELL,0.01,0,0.01,3.12,YES,520010.67,
2026.09.10 08:05:09,ORDER_FILL,XAUUSD+,PERIOD_M1,4409.39,SELL,0.01,0,0.01,3.12,YES,520010.31,
2026.09.10 08:06:17,ORDER_FILL,XAUUSD+,PERIOD_M1,4409.61,BUY,0.01,0,0.01,0.00,YES,520054.06,
2026.09.10 08:06:19,ORDER_FILL,XAUUSD+,PERIOD_M1,0.00,SELL,0.00,0,0.00,0.00,NO,520061.53,
2026.09.10 08:10:56,ORDER_FILL,XAUUSD+,PERIOD_M1,0.00,SELL,0.00,0,0.00,0.00,NO,520065.67,
2026.09.10 08:10:56,ORDER_FILL,XAUUSD+,PERIOD_M1,0.00,SELL,0.00,0,0.00,0.00,NO,520065.67,
2026.09.10 08:10:56,ORDER_FILL,XAUUSD+,PERIOD_M1,0.00,SELL,0.00,0,0.00,0.00,NO,520065.67,
2026.09.10 08:12:21,ORDER_FILL,XAUUSD+,PERIOD_M1,4416.61,BUY,0.01,0,0.01,-0.65,YES,520057.49,
2026.09.10 08:12:35,ORDER_FILL,XAUUSD+,PERIOD_M1,4416.56,BUY,0.01,0,0.01,-0.18,YES,520050.23,
2026.09.10 08:12:59,ORDER_FILL,XAUUSD+,PERIOD_M1,4416.86,BUY,0.01,0,0.01,-0.09,YES,520042.66,
2026.09.10 08:13:42,ORDER_FILL,XAUUSD+,PERIOD_M1,4417.16,BUY,0.01,0,0.01,2.89,YES,520015.87,
2026.09.10 08:13:43,ORDER_FILL,XAUUSD+,PERIOD_M1,4417.46,BUY,0.01,0,0.01,2.89,YES,520016.05,
2026.09.10 08:13:43,ORDER_FILL,XAUUSD+,PERIOD_M1,4417.76,BUY,0.01,0,0.01,2.89,YES,520016.05,
2026.09.10 08:13:43,ORDER_FILL,XAUUSD+,PERIOD_M1,4418.06,BUY,0.01,0,0.01,2.89,YES,520016.05,
2026.09.10 08:13:49,ORDER_FILL,XAUUSD+,PERIOD_M1,4418.36,BUY,0.01,0,0.01,7.47,YES,520006.51,
2026.09.10 08:13:51,ORDER_FILL,XAUUSD+,PERIOD_M1,4418.66,BUY,0.01,0,0.01,9.13,YES,520005.51,
2026.09.10 08:14:57,ORDER_FILL,XAUUSD+,PERIOD_M1,4418.84,BUY,0.01,0,0.01,-0.01,YES,520064.16,
2026.09.10 08:15:01,ORDER_FILL,XAUUSD+,PERIOD_M1,4419.14,BUY,0.01,0,0.01,0.16,YES,520056.61,
2026.09.10 08:15:26,ORDER_FILL,XAUUSD+,PERIOD_M1,4418.92,BUY,0.01,0,0.01,-0.36,YES,520063.43,
2026.09.10 08:17:12,ORDER_FILL,XAUUSD+,PERIOD_M1,4419.26,BUY,0.01,0,0.00,-0.03,YES,520046.89,
2026.09.10 08:17:12,ORDER_FILL,XAUUSD+,PERIOD_M1,4419.56,BUY,0.01,0,0.00,-0.03,YES,520046.89,
2026.09.10 08:17:12,ORDER_FILL,XAUUSD+,PERIOD_M1,4419.86,BUY,0.01,0,0.00,-0.03,YES,520046.86,
2026.09.10 08:17:53,ORDER_FILL,XAUUSD+,PERIOD_M1,4419.57,BUY,0.01,0,0.01,-7.02,YES,520009.48,
2026.09.10 08:17:53,ORDER_FILL,XAUUSD+,PERIOD_M1,4419.87,BUY,0.01,0,0.01,-7.02,YES,520010.21,
2026.09.10 08:17:53,ORDER_FILL,XAUUSD+,PERIOD_M1,4420.16,BUY,0.01,0,0.01,-7.02,YES,520010.21,
2026.09.10 08:17:53,ORDER_FILL,XAUUSD+,PERIOD_M1,4420.17,BUY,0.01,0,0.01,-7.02,YES,520010.21,
2026.09.10 08:21:52,ORDER_FILL,XAUUSD+,PERIOD_M1,4418.37,SELL,0.01,0,0.01,-0.35,YES,520057.01,
2026.09.10 08:28:41,ORDER_FILL,XAUUSD+,PERIOD_M1,4418.07,SELL,0.01,0,0.01,-2.34,YES,520030.95,
2026.09.10 08:28:41,ORDER_FILL,XAUUSD+,PERIOD_M1,4417.77,SELL,0.01,0,0.01,-2.34,YES,520031.02,
2026.09.10 08:28:41,ORDER_FILL,XAUUSD+,PERIOD_M1,4417.47,SELL,0.01,0,0.01,-2.34,YES,520030.98,
2026.09.10 08:30:33,ORDER_FILL,XAUUSD+,PERIOD_M1,4421.00,BUY,0.01,0,0.01,0.00,YES,520050.51,
2026.09.10 08:30:33,ORDER_FILL,XAUUSD+,PERIOD_M1,4421.06,BUY,0.01,0,0.01,-0.13,YES,520042.75,
2026.09.10 08:30:38,ORDER_FILL,XAUUSD+,PERIOD_M1,0.00,SELL,0.00,0,0.00,0.00,NO,520058.19,
2026.09.10 08:32:10,ORDER_FILL,XAUUSD+,PERIOD_M1,4422.89,BUY,0.01,0,0.00,0.54,YES,520036.12,
2026.09.10 08:32:10,ORDER_FILL,XAUUSD+,PERIOD_M1,4423.19,BUY,0.01,0,0.00,0.54,YES,520036.67,
2026.09.10 08:33:07,ORDER_FILL,XAUUSD+,PERIOD_M1,4423.19,BUY,0.01,0,0.00,0.54,YES,520052.99,
2026.09.10 08:33:09,ORDER_FILL,XAUUSD+,PERIOD_M1,0.00,SELL,0.00,0,0.00,0.00,NO,520060.95,
2026.09.10 08:33:09,ORDER_FILL,XAUUSD+,PERIOD_M1,0.00,SELL,0.00,0,0.00,0.00,NO,520060.95,
2026.09.10 08:33:09,ORDER_FILL,XAUUSD+,PERIOD_M1,0.00,SELL,0.00,0,0.00,0.00,NO,520060.95,
2026.09.10 08:34:55,ORDER_FILL,XAUUSD+,PERIOD_M1,4426.26,BUY,0.01,0,0.01,0.55,YES,520044.96,
2026.09.10 08:34:55,ORDER_FILL,XAUUSD+,PERIOD_M1,4426.56,BUY,0.01,0,0.01,0.55,YES,520044.96,
2026.09.10 08:36:31,ORDER_FILL,XAUUSD+,PERIOD_M1,4426.76,BUY,0.01,0,0.01,-1.28,YES,520043.09,
2026.09.10 08:36:31,ORDER_FILL,XAUUSD+,PERIOD_M1,4427.03,BUY,0.01,0,0.01,-1.28,YES,520042.74,
2026.09.10 08:37:29,ORDER_FILL,XAUUSD+,PERIOD_M1,4427.55,BUY,0.01,0,0.01,0.11,YES,520029.16,
2026.09.10 08:37:29,ORDER_FILL,XAUUSD+,PERIOD_M1,4427.85,BUY,0.01,0,0.01,0.11,YES,520028.41,
2026.09.10 08:38:20,ORDER_FILL,XAUUSD+,PERIOD_M1,4425.76,SELL,0.01,0,0.01,0.00,YES,520035.01,
2026.09.10 08:38:20,ORDER_FILL,XAUUSD+,PERIOD_M1,4425.46,SELL,0.01,0,0.01,0.00,YES,520035.01,
2026.09.10 08:38:20,ORDER_FILL,XAUUSD+,PERIOD_M1,4425.16,SELL,0.01,0,0.01,0.00,YES,520035.01,
2026.09.10 08:39:57,ORDER_FILL,XAUUSD+,PERIOD_M1,0.00,SELL,0.00,0,0.00,0.00,NO,520066.25,
2026.09.10 08:40:14,ORDER_FILL,XAUUSD+,PERIOD_M1,0.00,SELL,0.00,0,0.00,0.00,NO,520066.25,
2026.09.10 08:40:14,ORDER_FILL,XAUUSD+,PERIOD_M1,0.00,SELL,0.00,0,0.00,0.00,NO,520066.25,
2026.09.10 08:41:51,ORDER_FILL,XAUUSD+,PERIOD_M1,4424.30,BUY,0.01,0,0.01,-0.17,YES,520058.45,
2026.09.10 08:42:42,ORDER_FILL,XAUUSD+,PERIOD_M1,0.00,SELL,0.00,0,0.00,0.00,NO,520075.38,
2026.09.10 08:42:42,ORDER_FILL,XAUUSD+,PERIOD_M1,0.00,SELL,0.00,0,0.00,0.00,NO,520075.38,
2026.09.10 08:42:42,ORDER_FILL,XAUUSD+,PERIOD_M1,0.00,SELL,0.00,0,0.00,0.00,NO,520075.38,
2026.09.10 08:42:42,ORDER_FILL,XAUUSD+,PERIOD_M1,0.00,SELL,0.00,0,0.00,0.00,NO,520075.38,
2026.09.10 08:44:54,ORDER_FILL,XAUUSD+,PERIOD_M1,4428.80,BUY,0.01,0,0.01,0.03,YES,520067.28,
2026.09.10 08:45:16,ORDER_FILL,XAUUSD+,PERIOD_M1,4429.61,BUY,0.01,0,0.01,-0.85,YES,520059.25,
2026.09.10 08:49:44,ORDER_FILL,XAUUSD+,PERIOD_M1,4427.93,SELL,0.01,0,0.01,-0.58,YES,520045.25,
2026.09.10 08:49:45,ORDER_FILL,XAUUSD+,PERIOD_M1,4427.89,SELL,0.01,0,0.01,2.05,YES,520045.27,
2026.09.10 08:49:45,ORDER_FILL,XAUUSD+,PERIOD_M1,4427.59,SELL,0.01,0,0.01,2.05,YES,520045.27,
2026.09.10 08:49:45,ORDER_FILL,XAUUSD+,PERIOD_M1,4427.29,SELL,0.01,0,0.01,2.05,YES,520045.27,
2026.09.10 08:49:48,ORDER_FILL,XAUUSD+,PERIOD_M1,4426.73,SELL,0.01,0,0.01,3.60,YES,520039.06,
2026.09.10 08:49:51,ORDER_FILL,XAUUSD+,PERIOD_M1,4426.43,SELL,0.01,0,0.01,4.64,YES,520026.15,
2026.09.10 08:49:52,ORDER_FILL,XAUUSD+,PERIOD_M1,4426.13,SELL,0.01,0,0.01,5.54,YES,520025.48,
2026.09.10 08:50:21,ORDER_FILL,XAUUSD+,PERIOD_M1,0.00,SELL,0.00,0,0.00,0.00,NO,520079.23,
2026.09.10 08:50:21,ORDER_FILL,XAUUSD+,PERIOD_M1,0.00,SELL,0.00,0,0.00,0.00,NO,520079.23,
2026.09.10 08:50:21,ORDER_FILL,XAUUSD+,PERIOD_M1,0.00,SELL,0.00,0,0.00,0.00,NO,520079.23,
2026.09.10 08:50:21,ORDER_FILL,XAUUSD+,PERIOD_M1,0.00,SELL,0.00,0,0.00,0.00,NO,520079.23,
2026.09.10 08:51:44,ORDER_FILL,XAUUSD+,PERIOD_M1,0.00,SELL,0.00,0,0.00,0.00,NO,520079.14,
2026.09.10 08:53:30,ORDER_FILL,XAUUSD+,PERIOD_M1,0.00,SELL,0.00,0,0.01,-1.26,YES,520067.36,
2026.09.10 08:53:39,ORDER_FILL,XAUUSD+,PERIOD_M1,4428.08,BUY,0.01,0,0.01,-1.26,YES,520066.89,
2026.09.10 08:55:35,ORDER_FILL,XAUUSD+,PERIOD_M1,4426.32,SELL,0.01,0,0.01,0.01,YES,520059.30,
2026.09.10 08:55:35,ORDER_FILL,XAUUSD+,PERIOD_M1,4426.26,SELL,0.01,0,0.01,0.01,YES,520059.32,
2026.09.10 08:55:37,ORDER_FILL,XAUUSD+,PERIOD_M1,0.00,SELL,0.00,0,0.00,0.00,NO,520074.42,
2026.09.10 08:56:19,ORDER_FILL,XAUUSD+,PERIOD_M1,4425.75,SELL,0.01,0,0.01,-0.18,YES,520066.61,
2026.09.10 08:58:37,ORDER_FILL,XAUUSD+,PERIOD_M1,0.00,SELL,0.00,0,0.00,0.00,NO,520076.18,
2026.09.10 08:58:37,ORDER_FILL,XAUUSD+,PERIOD_M1,0.00,SELL,0.00,0,0.00,0.00,NO,520076.18,
2026.09.10 08:58:37,ORDER_FILL,XAUUSD+,PERIOD_M1,0.00,SELL,0.00,0,0.00,0.00,NO,520076.18,
2026.09.10 09:03:33,ORDER_FILL,XAUUSD+,PERIOD_M1,4429.18,SELL,0.01,0,0.01,1.41,YES,520054.52,
2026.09.10 09:03:33,ORDER_FILL,XAUUSD+,PERIOD_M1,4428.88,SELL,0.01,0,0.01,1.41,YES,520054.58,
2026.09.10 09:03:34,ORDER_FILL,XAUUSD+,PERIOD_M1,4428.58,SELL,0.01,0,0.01,1.41,YES,520054.55,
2026.09.10 09:04:49,ORDER_FILL,XAUUSD+,PERIOD_M1,4427.12,SELL,0.01,0,0.01,-0.15,YES,520068.93,
2026.09.10 09:05:59,ORDER_FILL,XAUUSD+,PERIOD_M1,0.00,SELL,0.00,0,0.00,0.00,NO,520077.24,
2026.09.10 09:06:17,ORDER_FILL,XAUUSD+,PERIOD_M1,0.00,SELL,0.00,0,0.00,0.00,NO,520077.24,
2026.09.10 09:06:17,ORDER_FILL,XAUUSD+,PERIOD_M1,0.00,SELL,0.00,0,0.00,0.00,NO,520077.24,
2026.09.10 09:06:17,ORDER_FILL,XAUUSD+,PERIOD_M1,0.00,SELL,0.00,0,0.00,0.00,NO,520077.24,
2026.09.10 09:08:38,ORDER_FILL,XAUUSD+,PERIOD_M1,4423.44,SELL,0.01,0,0.01,-0.29,YES,520069.32,
2026.09.10 09:08:58,ORDER_FILL,XAUUSD+,PERIOD_M1,4424.66,BUY,0.01,1,0.01,-0.79,YES,520059.91,
2026.09.10 09:11:53,ORDER_FILL,XAUUSD+,PERIOD_M1,4422.25,SELL,0.01,0,0.01,-0.95,YES,520058.83,
2026.09.10 09:11:54,ORDER_FILL,XAUUSD+,PERIOD_M1,4422.21,SELL,0.01,0,0.01,-0.95,YES,520058.73,
2026.09.10 09:12:42,ORDER_FILL,XAUUSD+,PERIOD_M1,0.00,SELL,0.00,0,0.00,0.00,NO,520080.65,
2026.09.10 09:13:00,ORDER_FILL,XAUUSD+,PERIOD_M1,0.00,SELL,0.00,0,0.00,0.00,NO,520080.65,
2026.09.10 09:13:00,ORDER_FILL,XAUUSD+,PERIOD_M1,0.00,SELL,0.00,0,0.00,0.00,NO,520080.65,
2026.09.10 09:13:00,ORDER_FILL,XAUUSD+,PERIOD_M1,0.00,SELL,0.00,0,0.00,0.00,NO,520080.65,
2026.09.10 09:14:41,ORDER_FILL,XAUUSD+,PERIOD_M1,4418.86,SELL,0.01,0,0.01,0.08,YES,520061.77,
2026.09.10 09:16:37,ORDER_FILL,XAUUSD+,PERIOD_M1,4418.56,SELL,0.01,0,0.01,8.87,YES,520070.17,
2026.09.10 09:17:58,ORDER_FILL,XAUUSD+,PERIOD_M1,4413.12,SELL,0.01,0,0.01,-0.19,YES,520084.26,
2026.09.10 09:20:39,ORDER_FILL,XAUUSD+,PERIOD_M1,4413.19,SELL,0.01,0,0.00,-0.45,YES,520082.43,
2026.09.10 09:21:04,ORDER_FILL,XAUUSD+,PERIOD_M1,4413.11,SELL,0.01,0,0.01,0.01,YES,520075.30,
2026.09.10 09:21:25,ORDER_FILL,XAUUSD+,PERIOD_M1,0.00,SELL,0.00,0,0.00,0.00,NO,520090.83,
2026.09.10 09:21:25,ORDER_FILL,XAUUSD+,PERIOD_M1,0.00,SELL,0.00,0,0.00,0.00,NO,520090.83,
2026.09.10 09:23:06,ORDER_FILL,XAUUSD+,PERIOD_M1,4413.66,BUY,0.01,0,0.01,-1.26,YES,520065.25,
2026.09.10 09:23:06,ORDER_FILL,XAUUSD+,PERIOD_M1,4413.96,BUY,0.01,0,0.01,-1.26,YES,520064.63,
2026.09.10 09:23:06,ORDER_FILL,XAUUSD+,PERIOD_M1,4414.26,BUY,0.01,0,0.01,-1.26,YES,520064.68,
2026.09.10 09:24:08,ORDER_FILL,XAUUSD+,PERIOD_M1,4413.95,BUY,0.01,0,0.01,0.00,YES,520078.86,
2026.09.10 09:24:09,ORDER_FILL,XAUUSD+,PERIOD_M1,4414.25,BUY,0.01,0,0.01,0.14,YES,520071.48,
2026.09.10 09:24:10,ORDER_FILL,XAUUSD+,PERIOD_M1,4414.55,BUY,0.01,0,0.01,0.60,YES,520064.23,
2026.09.10 09:27:56,ORDER_FILL,XAUUSD+,PERIOD_M1,4415.51,BUY,0.01,0,0.01,-0.08,YES,520078.70,
2026.09.10 09:29:07,ORDER_FILL,XAUUSD+,PERIOD_M1,4417.39,BUY,0.01,0,0.01,0.00,YES,520077.33,
2026.09.10 09:29:07,ORDER_FILL,XAUUSD+,PERIOD_M1,4417.44,BUY,0.01,0,0.01,0.00,YES,520069.64,
2026.09.10 09:30:18,ORDER_FILL,XAUUSD+,PERIOD_M1,0.00,SELL,0.00,0,0.00,0.00,NO,520088.08,
2026.09.10 09:30:18,ORDER_FILL,XAUUSD+,PERIOD_M1,0.00,SELL,0.00,0,0.00,0.00,NO,520088.08,
2026.09.10 09:30:18,ORDER_FILL,XAUUSD+,PERIOD_M1,0.00,SELL,0.00,0,0.00,0.00,NO,520088.08,
2026.09.10 09:30:18,ORDER_FILL,XAUUSD+,PERIOD_M1,0.00,SELL,0.00,0,0.00,0.00,NO,520088.08,
2026.09.10 09:31:48,ORDER_FILL,XAUUSD+,PERIOD_M1,4417.02,SELL,0.01,0,0.01,-0.22,YES,520072.62,
2026.09.10 09:31:48,ORDER_FILL,XAUUSD+,PERIOD_M1,4416.72,SELL,0.01,0,0.01,-0.22,YES,520072.62,
2026.09.10 09:32:44,ORDER_FILL,XAUUSD+,PERIOD_M1,4416.21,SELL,0.01,0,0.01,0.00,YES,520081.31,
2026.09.10 09:32:44,ORDER_FILL,XAUUSD+,PERIOD_M1,4416.15,SELL,0.01,0,0.01,-0.09,YES,520073.83,
2026.09.10 09:32:47,ORDER_FILL,XAUUSD+,PERIOD_M1,4415.85,SELL,0.01,0,0.01,0.21,YES,520066.33,
2026.09.10 09:33:13,ORDER_FILL,XAUUSD+,PERIOD_M1,4415.55,SELL,0.01,0,0.01,-1.30,YES,520079.71,
2026.09.10 09:35:38,ORDER_FILL,XAUUSD+,PERIOD_M1,4415.46,SELL,0.01,0,0.00,0.14,YES,520080.18,
2026.09.10 09:35:41,ORDER_FILL,XAUUSD+,PERIOD_M1,4414.27,SELL,0.01,0,0.00,0.84,YES,520072.87,
2026.09.10 09:37:04,ORDER_FILL,XAUUSD+,PERIOD_M1,4414.46,BUY,0.01,0,0.01,0.00,YES,520080.04,
2026.09.10 09:37:05,ORDER_FILL,XAUUSD+,PERIOD_M1,0.00,SELL,0.00,0,0.00,0.00,NO,520087.73,
2026.09.10 09:38:48,ORDER_FILL,XAUUSD+,PERIOD_M1,4416.53,BUY,0.01,0,0.01,-0.16,YES,520079.95,
2026.09.10 09:39:08,ORDER_FILL,XAUUSD+,PERIOD_M1,4416.83,BUY,0.01,0,0.01,2.97,YES,520053.75,
2026.09.10 09:39:09,ORDER_FILL,XAUUSD+,PERIOD_M1,4417.13,BUY,0.01,0,0.01,2.97,YES,520053.67,
2026.09.10 09:40:08,ORDER_FILL,XAUUSD+,PERIOD_M1,4417.43,BUY,0.01,0,0.01,2.97,YES,520055.51,
2026.09.10 09:40:09,ORDER_FILL,XAUUSD+,PERIOD_M1,4417.73,BUY,0.01,0,0.01,2.97,YES,520056.18,
2026.09.10 09:40:10,ORDER_FILL,XAUUSD+,PERIOD_M1,4418.40,BUY,0.01,0,0.01,14.22,YES,520056.12,
2026.09.10 09:40:12,ORDER_FILL,XAUUSD+,PERIOD_M1,4420.33,BUY,0.01,0,0.01,14.32,YES,520049.12,
2026.09.10 09:41:22,ORDER_FILL,XAUUSD+,PERIOD_M1,4421.47,BUY,0.01,0,0.01,0.09,YES,520094.24,
2026.09.10 09:42:05,ORDER_FILL,XAUUSD+,PERIOD_M1,0.00,SELL,0.00,0,0.00,0.00,NO,520101.61,
2026.09.10 09:42:05,ORDER_FILL,XAUUSD+,PERIOD_M1,0.00,SELL,0.00,0,0.00,0.00,NO,520101.61,
2026.09.10 09:42:05,ORDER_FILL,XAUUSD+,PERIOD_M1,0.00,SELL,0.00,0,0.00,0.00,NO,520101.61,
2026.09.10 09:42:08,ORDER_FILL,XAUUSD+,PERIOD_M1,4421.86,BUY,0.01,0,0.01,0.00,YES,520093.98,
2026.09.10 09:43:20,ORDER_FILL,XAUUSD+,PERIOD_M1,4424.81,BUY,0.01,0,0.01,0.46,YES,520079.40,
2026.09.10 09:43:20,ORDER_FILL,XAUUSD+,PERIOD_M1,4425.11,BUY,0.01,0,0.01,0.46,YES,520079.31,
2026.09.10 09:43:20,ORDER_FILL,XAUUSD+,PERIOD_M1,4425.41,BUY,0.01,0,0.01,0.46,YES,520079.31,
2026.09.10 09:44:00,ORDER_FILL,XAUUSD+,PERIOD_M1,4425.41,BUY,0.01,0,0.01,4.59,YES,520094.97,
2026.09.10 09:44:00,ORDER_FILL,XAUUSD+,PERIOD_M1,4425.41,BUY,0.01,0,0.01,4.59,YES,520095.03,
2026.09.10 09:44:00,ORDER_FILL,XAUUSD+,PERIOD_M1,4425.41,BUY,0.01,0,0.01,4.59,YES,520095.03,
2026.09.10 09:44:21,ORDER_FILL,XAUUSD+,PERIOD_M1,0.00,SELL,0.00,0,0.00,0.00,NO,520102.62,
2026.09.10 09:46:19,ORDER_FILL,XAUUSD+,PERIOD_M1,0.00,SELL,0.00,0,0.00,0.00,NO,520104.11,
2026.09.10 09:46:19,ORDER_FILL,XAUUSD+,PERIOD_M1,0.00,SELL,0.00,0,0.00,0.00,NO,520104.11,
2026.09.10 09:46:19,ORDER_FILL,XAUUSD+,PERIOD_M1,0.00,SELL,0.00,0,0.00,0.00,NO,520104.11,
2026.09.10 09:48:55,ORDER_FILL,XAUUSD+,PERIOD_M1,4424.33,SELL,0.01,0,0.01,-0.47,YES,520096.02,
2026.09.10 09:50:34,ORDER_FILL,XAUUSD+,PERIOD_M1,4424.03,SELL,0.01,0,0.01,-1.17,YES,520093.75,
2026.09.10 09:55:02,ORDER_FILL,XAUUSD+,PERIOD_M1,4425.36,SELL,0.01,0,0.01,0.16,YES,520086.01,
2026.09.10 09:55:02,ORDER_FILL,XAUUSD+,PERIOD_M1,4425.06,SELL,0.01,0,0.01,0.16,YES,520086.03,
2026.09.10 09:55:10,ORDER_FILL,XAUUSD+,PERIOD_M1,4424.59,SELL,0.01,0,0.01,0.76,YES,520079.02,
2026.09.10 09:56:30,ORDER_FILL,XAUUSD+,PERIOD_M1,4424.59,SELL,0.01,0,0.00,-0.63,YES,520093.62,
2026.09.10 09:57:05,ORDER_FILL,XAUUSD+,PERIOD_M1,4425.42,BUY,0.01,0,0.01,-0.73,YES,520100.87,
2026.09.10 09:58:27,ORDER_FILL,XAUUSD+,PERIOD_M1,0.00,SELL,0.00,0,0.00,0.00,NO,520101.23,
2026.09.10 09:58:27,ORDER_FILL,XAUUSD+,PERIOD_M1,0.00,SELL,0.00,0,0.00,0.00,NO,520101.23,
2026.09.10 09:58:27,ORDER_FILL,XAUUSD+,PERIOD_M1,0.00,SELL,0.00,0,0.00,0.00,NO,520101.23,
2026.09.10 09:58:27,ORDER_FILL,XAUUSD+,PERIOD_M1,0.00,SELL,0.00,0,0.00,0.00,NO,520101.23,
2026.09.10 09:58:27,ORDER_FILL,XAUUSD+,PERIOD_M1,0.00,SELL,0.00,0,0.00,0.00,NO,520101.23,
2026.09.10 10:01:34,ORDER_FILL,XAUUSD+,PERIOD_M1,4423.71,SELL,0.01,0,0.00,8.48,YES,520087.98,
2026.09.10 10:01:38,ORDER_FILL,XAUUSD+,PERIOD_M1,0.00,SELL,0.00,0,0.00,0.00,NO,520111.78,
2026.09.10 10:01:38,ORDER_FILL,XAUUSD+,PERIOD_M1,0.00,SELL,0.00,0,0.00,0.00,NO,520111.78,
2026.09.10 10:02:25,ORDER_FILL,XAUUSD+,PERIOD_M1,4418.76,SELL,0.01,0,0.01,1.41,YES,520090.32,
2026.09.10 10:02:25,ORDER_FILL,XAUUSD+,PERIOD_M1,4418.46,SELL,0.01,0,0.01,1.41,YES,520090.32,
2026.09.10 10:02:25,ORDER_FILL,XAUUSD+,PERIOD_M1,4418.16,SELL,0.01,0,0.01,1.41,YES,520090.32,
2026.09.10 10:03:07,ORDER_FILL,XAUUSD+,PERIOD_M1,4417.59,SELL,0.01,0,0.01,5.49,YES,520063.70,
2026.09.10 10:03:07,ORDER_FILL,XAUUSD+,PERIOD_M1,4417.29,SELL,0.01,0,0.01,5.49,YES,520063.93,
2026.09.10 10:03:07,ORDER_FILL,XAUUSD+,PERIOD_M1,4416.99,SELL,0.01,0,0.01,5.49,YES,520063.34,
2026.09.10 10:03:07,ORDER_FILL,XAUUSD+,PERIOD_M1,4416.69,SELL,0.01,0,0.01,4.85,YES,520063.28,
2026.09.10 10:03:28,ORDER_FILL,XAUUSD+,PERIOD_M1,4416.39,SELL,0.01,0,0.01,4.17,YES,520047.36,
2026.09.10 10:03:28,ORDER_FILL,XAUUSD+,PERIOD_M1,4416.09,SELL,0.01,0,0.01,4.17,YES,520047.29,
2026.09.10 10:05:08,ORDER_FILL,XAUUSD+,PERIOD_M1,0.00,SELL,0.00,0,0.00,0.00,NO,520114.87,
2026.09.10 10:06:59,ORDER_FILL,XAUUSD+,PERIOD_M1,4414.65,SELL,0.01,0,0.01,0.00,YES,520099.64,
2026.09.10 10:06:59,ORDER_FILL,XAUUSD+,PERIOD_M1,4414.35,SELL,0.01,0,0.01,0.00,YES,520099.69,
2026.09.10 10:10:03,ORDER_FILL,XAUUSD+,PERIOD_M1,0.00,SELL,0.00,0,0.00,0.00,NO,520114.70,
2026.09.10 10:11:15,ORDER_FILL,XAUUSD+,PERIOD_M1,4415.70,BUY,0.01,0,0.00,-0.12,YES,520106.98,
2026.09.10 10:12:19,ORDER_FILL,XAUUSD+,PERIOD_M1,4415.87,BUY,0.01,0,0.01,-0.15,YES,520062.51,
2026.09.10 10:12:22,ORDER_FILL,XAUUSD+,PERIOD_M1,0.00,SELL,0.00,0,0.00,0.00,NO,520115.32,
2026.09.10 10:12:22,ORDER_FILL,XAUUSD+,PERIOD_M1,0.00,SELL,0.00,0,0.00,0.00,NO,520115.32,
2026.09.10 10:12:22,ORDER_FILL,XAUUSD+,PERIOD_M1,0.00,SELL,0.00,0,0.00,0.00,NO,520115.32,
2026.09.10 10:12:22,ORDER_FILL,XAUUSD+,PERIOD_M1,0.00,SELL,0.00,0,0.00,0.00,NO,520115.32,
2026.09.10 10:12:22,ORDER_FILL,XAUUSD+,PERIOD_M1,0.00,SELL,0.00,0,0.00,0.00,NO,520115.32,
2026.09.10 10:12:25,ORDER_FILL,XAUUSD+,PERIOD_M1,0.00,SELL,0.00,0,0.00,0.00,NO,520115.50,
2026.09.10 10:12:25,ORDER_FILL,XAUUSD+,PERIOD_M1,0.00,SELL,0.00,0,0.00,0.00,NO,520115.50,
2026.09.10 10:13:52,ORDER_FILL,XAUUSD+,PERIOD_M1,0.00,SELL,0.00,0,0.00,0.00,NO,520118.66,
2026.09.10 10:13:52,ORDER_FILL,XAUUSD+,PERIOD_M1,0.00,SELL,0.00,0,0.00,0.00,NO,520118.66,
2026.09.10 10:13:52,ORDER_FILL,XAUUSD+,PERIOD_M1,0.00,SELL,0.00,0,0.00,0.00,NO,520118.66,
2026.09.10 10:14:44,ORDER_FILL,XAUUSD+,PERIOD_M1,4413.52,SELL,0.01,0,0.01,0.00,YES,520111.03,
2026.09.10 10:14:44,ORDER_FILL,XAUUSD+,PERIOD_M1,4413.22,SELL,0.01,0,0.01,0.00,YES,520103.50,
2026.09.10 10:15:21,ORDER_FILL,XAUUSD+,PERIOD_M1,0.00,SELL,0.00,0,0.00,0.00,NO,520118.64,
2026.09.10 10:15:39,ORDER_FILL,XAUUSD+,PERIOD_M1,0.00,SELL,0.00,0,0.00,0.00,NO,520118.64,
2026.09.10 10:15:39,ORDER_FILL,XAUUSD+,PERIOD_M1,0.00,SELL,0.00,0,0.00,0.00,NO,520118.64,
2026.09.10 10:15:39,ORDER_FILL,XAUUSD+,PERIOD_M1,0.00,SELL,0.00,0,0.00,0.00,NO,520118.64,
2026.09.10 10:18:07,ORDER_FILL,XAUUSD+,PERIOD_M1,4413.07,SELL,0.01,0,0.01,0.00,YES,520110.94,
2026.09.10 10:18:30,ORDER_FILL,XAUUSD+,PERIOD_M1,4412.77,SELL,0.01,0,0.01,0.10,YES,520103.53,
2026.09.10 10:19:51,ORDER_FILL,XAUUSD+,PERIOD_M1,4412.66,SELL,0.01,0,0.01,-0.08,YES,520103.00,
2026.09.10 10:19:51,ORDER_FILL,XAUUSD+,PERIOD_M1,4412.36,SELL,0.01,0,0.01,-0.08,YES,520103.00,
2026.09.10 10:22:08,ORDER_FILL,XAUUSD+,PERIOD_M1,4412.06,SELL,0.01,0,0.01,0.80,YES,520076.41,
2026.09.10 10:22:10,ORDER_FILL,XAUUSD+,PERIOD_M1,4411.76,SELL,0.01,0,0.01,3.87,YES,520076.50,
2026.09.10 10:22:10,ORDER_FILL,XAUUSD+,PERIOD_M1,4411.46,SELL,0.01,0,0.01,3.87,YES,520076.50,
2026.09.10 10:22:10,ORDER_FILL,XAUUSD+,PERIOD_M1,4411.16,SELL,0.01,0,0.01,3.87,YES,520076.39,
2026.09.10 10:22:23,ORDER_FILL,XAUUSD+,PERIOD_M1,0.00,SELL,0.00,0,0.00,0.00,NO,520122.62,
2026.09.10 10:25:45,ORDER_FILL,XAUUSD+,PERIOD_M1,4410.48,SELL,0.01,0,0.01,-0.26,YES,520114.75,
2026.09.10 10:26:06,ORDER_FILL,XAUUSD+,PERIOD_M1,4410.18,SELL,0.01,0,0.01,-1.39,YES,520098.32,
2026.09.10 10:26:07,ORDER_FILL,XAUUSD+,PERIOD_M1,4409.88,SELL,0.01,0,0.01,-1.39,YES,520098.32,
2026.09.10 10:26:07,ORDER_FILL,XAUUSD+,PERIOD_M1,4409.58,SELL,0.01,0,0.01,-1.39,YES,520098.35,
2026.09.10 10:26:48,ORDER_FILL,XAUUSD+,PERIOD_M1,4409.56,SELL,0.01,0,0.01,0.01,YES,520113.47,
2026.09.10 10:27:32,ORDER_FILL,XAUUSD+,PERIOD_M1,4409.26,SELL,0.01,0,0.01,-2.97,YES,520095.37,
2026.09.10 10:27:32,ORDER_FILL,XAUUSD+,PERIOD_M1,4408.96,SELL,0.01,0,0.01,-2.97,YES,520095.34,
2026.09.10 10:30:11,ORDER_FILL,XAUUSD+,PERIOD_M1,4408.95,SELL,0.01,0,0.00,-1.86,YES,520095.04,
2026.09.10 10:30:11,ORDER_FILL,XAUUSD+,PERIOD_M1,4408.65,SELL,0.01,0,0.00,-1.86,YES,520095.06,
2026.09.10 10:30:11,ORDER_FILL,XAUUSD+,PERIOD_M1,4408.35,SELL,0.01,0,0.00,-1.86,YES,520095.04,
2026.09.10 10:30:33,ORDER_FILL,XAUUSD+,PERIOD_M1,4408.35,SELL,0.01,0,0.01,-2.34,YES,520039.27,
2026.09.10 10:30:33,ORDER_FILL,XAUUSD+,PERIOD_M1,4408.05,SELL,0.01,0,0.01,-2.34,YES,520039.27,
2026.09.10 10:30:33,ORDER_FILL,XAUUSD+,PERIOD_M1,4408.08,SELL,0.01,0,0.01,-2.34,YES,520039.45,
2026.09.10 10:31:41,ORDER_FILL,XAUUSD+,PERIOD_M1,4409.19,BUY,0.01,0,0.01,-1.58,YES,520098.37,
2026.09.10 10:31:41,ORDER_FILL,XAUUSD+,PERIOD_M1,4409.49,BUY,0.01,0,0.01,-1.58,YES,520098.37,
2026.09.10 10:32:24,ORDER_FILL,XAUUSD+,PERIOD_M1,4409.59,BUY,0.01,0,0.01,-2.32,YES,520074.16,
2026.09.10 10:32:24,ORDER_FILL,XAUUSD+,PERIOD_M1,4409.89,BUY,0.01,0,0.01,-2.32,YES,520074.00,
2026.09.10 10:32:25,ORDER_FILL,XAUUSD+,PERIOD_M1,4410.19,BUY,0.01,0,0.01,-2.32,YES,520074.00,
2026.09.10 10:33:28,ORDER_FILL,XAUUSD+,PERIOD_M1,4408.07,SELL,0.01,0,0.01,0.00,YES,520100.47,
2026.09.10 10:33:29,ORDER_FILL,XAUUSD+,PERIOD_M1,4407.77,SELL,0.01,0,0.01,0.10,YES,520092.99,
2026.09.10 10:34:42,ORDER_FILL,XAUUSD+,PERIOD_M1,4405.89,SELL,0.01,0,0.01,0.00,YES,520100.19,
2026.09.10 10:34:45,ORDER_FILL,XAUUSD+,PERIOD_M1,0.00,SELL,0.00,0,0.00,0.00,NO,520108.78,
2026.09.10 10:34:45,ORDER_FILL,XAUUSD+,PERIOD_M1,0.00,SELL,0.00,0,0.00,0.00,NO,520108.78,
2026.09.10 10:35:35,ORDER_FILL,XAUUSD+,PERIOD_M1,4406.66,BUY,0.01,0,0.01,-1.06,YES,520092.50,
2026.09.10 10:35:35,ORDER_FILL,XAUUSD+,PERIOD_M1,4406.96,BUY,0.01,0,0.01,-1.06,YES,520092.50,
2026.09.10 10:36:55,ORDER_FILL,XAUUSD+,PERIOD_M1,4407.26,BUY,0.01,0,0.01,-1.64,YES,520092.70,
2026.09.10 10:40:12,ORDER_FILL,XAUUSD+,PERIOD_M1,0.00,SELL,0.00,0,0.01,-0.35,YES,520089.20,
2026.09.10 10:40:12,ORDER_FILL,XAUUSD+,PERIOD_M1,4405.74,SELL,0.01,0,0.01,-0.35,YES,520089.20,
2026.09.10 10:40:52,ORDER_FILL,XAUUSD+,PERIOD_M1,0.00,SELL,0.00,0,0.00,0.00,YES,520103.97,
2026.09.10 10:40:59,ORDER_FILL,XAUUSD+,PERIOD_M1,4407.01,BUY,0.01,0,0.01,0.00,YES,520096.51,
2026.09.10 10:41:02,ORDER_FILL,XAUUSD+,PERIOD_M1,0.00,SELL,0.00,0,0.00,0.00,NO,520103.80,
2026.09.10 10:43:49,ORDER_FILL,XAUUSD+,PERIOD_M1,4406.80,BUY,0.01,0,0.01,0.46,YES,520081.48,
2026.09.10 10:43:50,ORDER_FILL,XAUUSD+,PERIOD_M1,4407.10,BUY,0.01,0,0.01,0.46,YES,520081.50,
2026.09.10 10:43:50,ORDER_FILL,XAUUSD+,PERIOD_M1,4407.40,BUY,0.01,0,0.01,0.46,YES,520081.50,
2026.09.10 10:43:54,ORDER_FILL,XAUUSD+,PERIOD_M1,4407.70,BUY,0.01,0,0.01,1.44,YES,520074.83,
2026.09.10 10:44:55,ORDER_FILL,XAUUSD+,PERIOD_M1,4408.00,BUY,0.01,0,0.01,11.40,YES,520055.14,
2026.09.10 10:46:54,ORDER_FILL,XAUUSD+,PERIOD_M1,4409.77,BUY,0.01,0,0.00,3.84,YES,520094.29,
2026.09.10 10:46:54,ORDER_FILL,XAUUSD+,PERIOD_M1,4410.07,BUY,0.01,0,0.00,3.84,YES,520094.29,
2026.09.10 10:47:13,ORDER_FILL,XAUUSD+,PERIOD_M1,4410.37,BUY,0.01,0,0.00,3.84,YES,520087.34,
2026.09.10 10:47:13,ORDER_FILL,XAUUSD+,PERIOD_M1,4411.92,BUY,0.01,0,0.00,4.73,YES,520087.44,
2026.09.10 10:47:24,ORDER_FILL,XAUUSD+,PERIOD_M1,4411.88,BUY,0.01,0,0.01,0.00,YES,520108.93,
2026.09.10 10:47:30,ORDER_FILL,XAUUSD+,PERIOD_M1,4412.18,BUY,0.01,0,0.01,0.17,YES,520101.58,
2026.09.10 10:47:56,ORDER_FILL,XAUUSD+,PERIOD_M1,4412.48,BUY,0.01,0,0.01,-0.86,YES,520085.22,
2026.09.10 10:47:56,ORDER_FILL,XAUUSD+,PERIOD_M1,4412.78,BUY,0.01,0,0.01,-0.86,YES,520085.15,
2026.09.10 10:49:24,ORDER_FILL,XAUUSD+,PERIOD_M1,4412.25,BUY,0.01,0,0.01,-0.02,YES,520105.84,
2026.09.10 10:50:38,ORDER_FILL,XAUUSD+,PERIOD_M1,4412.55,BUY,0.01,0,0.01,-0.66,YES,520097.59,
2026.09.10 10:51:28,ORDER_FILL,XAUUSD+,PERIOD_M1,4412.85,BUY,0.01,0,0.01,7.36,YES,520075.15,
2026.09.10 10:51:28,ORDER_FILL,XAUUSD+,PERIOD_M1,4413.15,BUY,0.01,0,0.01,7.36,YES,520075.15,
2026.09.10 10:51:28,ORDER_FILL,XAUUSD+,PERIOD_M1,4413.45,BUY,0.01,0,0.01,7.36,YES,520075.15,
2026.09.10 10:51:28,ORDER_FILL,XAUUSD+,PERIOD_M1,4413.75,BUY,0.01,0,0.01,7.36,YES,520075.15,
2026.09.10 10:52:26,ORDER_FILL,XAUUSD+,PERIOD_M1,0.00,SELL,0.00,0,0.00,0.00,NO,520120.63,
2026.09.10 10:54:04,ORDER_FILL,XAUUSD+,PERIOD_M1,4413.76,SELL,0.01,0,0.01,0.00,YES,520112.95,
2026.09.10 10:54:54,ORDER_FILL,XAUUSD+,PERIOD_M1,4415.07,BUY,0.01,1,0.01,-0.01,YES,520111.73,
2026.09.10 10:55:36,ORDER_FILL,XAUUSD+,PERIOD_M1,4413.74,SELL,0.01,0,0.01,0.85,YES,520097.67,
2026.09.10 10:55:55,ORDER_FILL,XAUUSD+,PERIOD_M1,4413.74,SELL,0.01,0,0.01,0.85,YES,520111.25,
2026.09.10 10:55:55,ORDER_FILL,XAUUSD+,PERIOD_M1,4413.74,SELL,0.01,0,0.01,0.85,YES,520111.25,
2026.09.10 10:55:55,ORDER_FILL,XAUUSD+,PERIOD_M1,4412.84,SELL,0.01,0,0.01,-0.57,YES,520111.25,
2026.09.10 10:58:23,ORDER_FILL,XAUUSD+,PERIOD_M1,0.00,SELL,0.00,0,0.00,0.00,NO,520118.08,
2026.09.10 10:58:23,ORDER_FILL,XAUUSD+,PERIOD_M1,0.00,SELL,0.00,0,0.00,0.00,NO,520118.08,
2026.09.10 10:58:45,ORDER_FILL,XAUUSD+,PERIOD_M1,4411.73,SELL,0.01,0,0.01,0.03,YES,520110.50,
2026.09.10 11:00:15,ORDER_FILL,XAUUSD+,PERIOD_M1,4412.38,BUY,0.01,0,0.01,-0.33,YES,520109.67,
2026.09.10 11:01:51,ORDER_FILL,XAUUSD+,PERIOD_M1,0.00,SELL,0.00,0,0.00,0.00,NO,520117.42,
2026.09.10 11:03:49,ORDER_FILL,XAUUSD+,PERIOD_M1,4409.88,SELL,0.01,0,0.01,2.76,YES,520097.39,
2026.09.10 11:03:49,ORDER_FILL,XAUUSD+,PERIOD_M1,4409.58,SELL,0.01,0,0.01,2.76,YES,520097.39,
2026.09.10 11:03:49,ORDER_FILL,XAUUSD+,PERIOD_M1,4409.28,SELL,0.01,0,0.01,2.76,YES,520097.39,
2026.09.10 11:08:01,ORDER_FILL,XAUUSD+,PERIOD_M1,4408.65,BUY,0.01,0,0.01,0.00,YES,520111.79,
2026.09.10 11:09:00,ORDER_FILL,XAUUSD+,PERIOD_M1,4407.78,SELL,0.01,1,0.01,-2.20,YES,520117.17,
2026.09.10 11:09:01,ORDER_FILL,XAUUSD+,PERIOD_M1,4407.48,SELL,0.01,1,0.01,-2.20,YES,520117.18,
2026.09.10 11:09:01,ORDER_FILL,XAUUSD+,PERIOD_M1,4408.95,BUY,0.01,2,0.01,-2.20,YES,520117.18,
2026.09.10 11:12:12,ORDER_FILL,XAUUSD+,PERIOD_M1,4408.49,SELL,0.01,0,0.00,-1.58,YES,520100.20,
2026.09.10 11:12:12,ORDER_FILL,XAUUSD+,PERIOD_M1,4408.19,SELL,0.01,0,0.00,-1.58,YES,520100.20,
2026.09.10 11:13:23,ORDER_FILL,XAUUSD+,PERIOD_M1,4408.19,SELL,0.01,0,0.01,0.55,YES,520057.12,
2026.09.10 11:13:41,ORDER_FILL,XAUUSD+,PERIOD_M1,4407.89,SELL,0.01,0,0.01,0.55,YES,520042.09,
2026.09.10 11:13:41,ORDER_FILL,XAUUSD+,PERIOD_M1,4407.89,SELL,0.01,0,0.01,0.55,YES,520042.09,
2026.09.10 11:13:41,ORDER_FILL,XAUUSD+,PERIOD_M1,4407.59,SELL,0.01,0,0.01,0.55,YES,520041.64,
2026.09.10 11:13:42,ORDER_FILL,XAUUSD+,PERIOD_M1,4407.59,SELL,0.01,0,0.01,0.55,YES,520041.73,
2026.09.10 11:13:42,ORDER_FILL,XAUUSD+,PERIOD_M1,4407.29,SELL,0.01,0,0.01,0.55,YES,520041.73,
2026.09.10 11:13:42,ORDER_FILL,XAUUSD+,PERIOD_M1,4407.19,SELL,0.01,0,0.01,0.77,YES,520041.73,
2026.09.10 11:13:42,ORDER_FILL,XAUUSD+,PERIOD_M1,4406.89,SELL,0.01,0,0.01,0.77,YES,520041.73,
2026.09.10 11:14:23,ORDER_FILL,XAUUSD+,PERIOD_M1,0.00,SELL,0.00,0,0.00,0.00,NO,520140.13,
2026.09.10 11:14:23,ORDER_FILL,XAUUSD+,PERIOD_M1,0.00,SELL,0.00,0,0.00,0.00,NO,520140.13,
2026.09.10 11:14:23,ORDER_FILL,XAUUSD+,PERIOD_M1,0.00,SELL,0.00,0,0.00,0.00,NO,520140.13,
2026.09.10 11:14:23,ORDER_FILL,XAUUSD+,PERIOD_M1,0.00,SELL,0.00,0,0.00,0.00,NO,520140.13,
2026.09.10 11:17:23,ORDER_FILL,XAUUSD+,PERIOD_M1,4405.46,SELL,0.01,0,0.00,-0.67,YES,520124.61,
2026.09.10 11:17:24,ORDER_FILL,XAUUSD+,PERIOD_M1,4405.16,SELL,0.01,0,0.00,-0.67,YES,520124.62,
2026.09.10 11:18:14,ORDER_FILL,XAUUSD+,PERIOD_M1,4406.24,BUY,0.01,0,0.01,-1.05,YES,520116.16,
2026.09.10 11:18:14,ORDER_FILL,XAUUSD+,PERIOD_M1,4406.54,BUY,0.01,0,0.01,-1.05,YES,520116.09,
2026.09.10 11:18:14,ORDER_FILL,XAUUSD+,PERIOD_M1,4406.84,BUY,0.01,0,0.01,-1.05,YES,520116.00,
2026.09.10 11:22:05,ORDER_FILL,XAUUSD+,PERIOD_M1,4406.87,BUY,0.01,0,0.01,-3.92,YES,520098.24,
2026.09.10 11:22:05,ORDER_FILL,XAUUSD+,PERIOD_M1,4407.17,BUY,0.01,0,0.01,-3.92,YES,520098.24,
2026.09.10 11:27:51,ORDER_FILL,XAUUSD+,PERIOD_M1,4405.46,SELL,0.01,0,0.00,0.03,YES,520129.87,
2026.09.10 11:28:20,ORDER_FILL,XAUUSD+,PERIOD_M1,4405.78,BUY,0.01,0,0.01,-0.13,YES,520129.52,
2026.09.10 11:29:08,ORDER_FILL,XAUUSD+,PERIOD_M1,4404.35,SELL,0.01,0,0.01,0.00,YES,520128.41,
2026.09.10 11:30:50,ORDER_FILL,XAUUSD+,PERIOD_M1,0.00,SELL,0.00,0,0.01,-2.73,YES,520117.23,
2026.09.10 11:30:51,ORDER_FILL,XAUUSD+,PERIOD_M1,4406.16,BUY,0.01,0,0.01,-2.73,YES,520117.23,
2026.09.10 11:30:51,ORDER_FILL,XAUUSD+,PERIOD_M1,4406.46,BUY,0.01,0,0.01,-2.73,YES,520117.20,
2026.09.10 11:32:14,ORDER_FILL,XAUUSD+,PERIOD_M1,4404.33,SELL,0.01,0,0.00,3.45,YES,520113.24,
2026.09.10 11:32:15,ORDER_FILL,XAUUSD+,PERIOD_M1,4404.03,SELL,0.01,0,0.00,3.45,YES,520113.39,
2026.09.10 11:32:20,ORDER_FILL,XAUUSD+,PERIOD_M1,4403.73,SELL,0.01,0,0.00,3.45,YES,520114.66,
2026.09.10 11:32:36,ORDER_FILL,XAUUSD+,PERIOD_M1,4401.99,SELL,0.01,0,0.00,-1.24,YES,520118.90,
2026.09.10 11:32:36,ORDER_FILL,XAUUSD+,PERIOD_M1,4401.69,SELL,0.01,0,0.00,-1.24,YES,520118.90,
2026.09.10 11:34:07,ORDER_FILL,XAUUSD+,PERIOD_M1,4401.49,SELL,0.01,0,0.00,-1.15,YES,520117.64,
2026.09.10 11:34:07,ORDER_FILL,XAUUSD+,PERIOD_M1,4401.19,SELL,0.01,0,0.00,-1.15,YES,520117.64,
2026.09.10 11:34:39,ORDER_FILL,XAUUSD+,PERIOD_M1,4400.89,SELL,0.01,0,0.01,2.03,YES,520082.96,
2026.09.10 11:34:39,ORDER_FILL,XAUUSD+,PERIOD_M1,4400.59,SELL,0.01,0,0.01,2.03,YES,520082.96,
2026.09.10 11:34:42,ORDER_FILL,XAUUSD+,PERIOD_M1,0.00,SELL,0.00,0,0.00,0.00,NO,520136.14,
2026.09.10 11:34:42,ORDER_FILL,XAUUSD+,PERIOD_M1,0.00,SELL,0.00,0,0.00,0.00,NO,520136.14,
2026.09.10 11:34:42,ORDER_FILL,XAUUSD+,PERIOD_M1,0.00,SELL,0.00,0,0.00,0.00,NO,520136.14,
2026.09.10 11:36:05,ORDER_FILL,XAUUSD+,PERIOD_M1,4399.96,SELL,0.01,0,0.00,-0.78,YES,520127.72,
2026.09.10 11:38:44,ORDER_FILL,XAUUSD+,PERIOD_M1,0.00,SELL,0.00,0,0.00,-1.30,YES,520116.78,
2026.09.10 11:38:44,ORDER_FILL,XAUUSD+,PERIOD_M1,4401.41,BUY,0.01,0,0.00,-1.30,YES,520116.55,
2026.09.10 11:39:24,ORDER_FILL,XAUUSD+,PERIOD_M1,0.00,SELL,0.00,0,0.00,0.00,NO,520131.21,
2026.09.10 11:39:24,ORDER_FILL,XAUUSD+,PERIOD_M1,0.00,SELL,0.00,0,0.00,0.00,NO,520131.21,
2026.09.10 11:41:36,ORDER_FILL,XAUUSD+,PERIOD_M1,4400.15,BUY,0.01,0,0.01,-1.38,YES,520114.65,
2026.09.10 11:41:36,ORDER_FILL,XAUUSD+,PERIOD_M1,4400.45,BUY,0.01,0,0.01,-1.38,YES,520114.65,
2026.09.10 11:41:56,ORDER_FILL,XAUUSD+,PERIOD_M1,4399.22,SELL,0.01,1,0.01,-2.08,YES,520105.00,
2026.09.10 11:41:56,ORDER_FILL,XAUUSD+,PERIOD_M1,4398.92,SELL,0.01,1,0.01,-2.08,YES,520104.86,
2026.09.10 11:43:53,ORDER_FILL,XAUUSD+,PERIOD_M1,4395.47,SELL,0.01,0,0.01,-0.78,YES,520111.16,
2026.09.10 11:43:53,ORDER_FILL,XAUUSD+,PERIOD_M1,4395.17,SELL,0.01,0,0.01,-0.78,YES,520111.12,
2026.09.10 11:47:34,ORDER_FILL,XAUUSD+,PERIOD_M1,4393.71,SELL,0.01,0,0.01,0.00,YES,520119.34,
2026.09.10 11:48:21,ORDER_FILL,XAUUSD+,PERIOD_M1,0.00,SELL,0.00,0,0.00,0.00,NO,520127.16,
2026.09.10 11:48:42,ORDER_FILL,XAUUSD+,PERIOD_M1,4393.57,SELL,0.01,0,0.01,-0.45,YES,520119.12,
2026.09.10 11:49:47,ORDER_FILL,XAUUSD+,PERIOD_M1,0.00,SELL,0.00,0,0.00,0.00,NO,520124.90,
2026.09.10 11:49:48,ORDER_FILL,XAUUSD+,PERIOD_M1,0.00,SELL,0.00,0,0.00,0.00,NO,520124.90,
2026.09.10 11:49:48,ORDER_FILL,XAUUSD+,PERIOD_M1,0.00,SELL,0.00,0,0.00,0.00,NO,520124.90,
2026.09.10 11:50:46,ORDER_FILL,XAUUSD+,PERIOD_M1,4394.12,BUY,0.01,0,0.01,0.00,YES,520117.25,
2026.09.10 11:50:46,ORDER_FILL,XAUUSD+,PERIOD_M1,4394.18,BUY,0.01,0,0.01,0.00,YES,520095.97,
2026.09.10 11:50:48,ORDER_FILL,XAUUSD+,PERIOD_M1,0.00,SELL,0.00,0,0.00,0.00,NO,520118.48,
2026.09.10 11:51:08,ORDER_FILL,XAUUSD+,PERIOD_M1,0.00,SELL,0.00,0,0.00,0.00,NO,520119.10,
2026.09.10 11:51:08,ORDER_FILL,XAUUSD+,PERIOD_M1,0.00,SELL,0.00,0,0.00,0.00,NO,520126.62,
2026.09.10 11:52:23,ORDER_FILL,XAUUSD+,PERIOD_M1,4398.15,BUY,0.01,0,0.01,0.01,YES,520119.04,
2026.09.10 11:52:25,ORDER_FILL,XAUUSD+,PERIOD_M1,0.00,SELL,0.00,0,0.00,0.00,NO,520126.46,
2026.09.10 11:53:30,ORDER_FILL,XAUUSD+,PERIOD_M1,4396.69,SELL,0.01,0,0.01,-1.12,YES,520110.17,
2026.09.10 11:53:30,ORDER_FILL,XAUUSD+,PERIOD_M1,4396.39,SELL,0.01,0,0.01,-1.12,YES,520110.17,
2026.09.10 11:55:06,ORDER_FILL,XAUUSD+,PERIOD_M1,4396.09,SELL,0.01,0,0.01,-2.99,YES,520096.12,
2026.09.10 11:55:25,ORDER_FILL,XAUUSD+,PERIOD_M1,4395.79,SELL,0.01,0,0.01,-2.99,YES,520098.01,
2026.09.10 12:00:14,ORDER_FILL,XAUUSD+,PERIOD_M1,0.00,SELL,0.00,0,0.00,0.06,YES,520118.98,
2026.09.10 12:00:15,ORDER_FILL,XAUUSD+,PERIOD_M1,4395.65,BUY,0.01,0,0.00,0.06,YES,520119.30,
2026.09.10 12:05:04,ORDER_FILL,XAUUSD+,PERIOD_M1,0.00,SELL,0.00,0,0.01,-6.79,YES,520111.31,
2026.09.10 12:05:05,ORDER_FILL,XAUUSD+,PERIOD_M1,4394.05,SELL,0.01,0,0.01,-6.79,YES,520111.26,
2026.09.10 12:05:05,ORDER_FILL,XAUUSD+,PERIOD_M1,4393.75,SELL,0.01,0,0.01,-6.79,YES,520111.28,
2026.09.10 12:05:05,ORDER_FILL,XAUUSD+,PERIOD_M1,4393.45,SELL,0.01,0,0.01,-6.79,YES,520111.28,
2026.09.10 12:05:07,ORDER_FILL,XAUUSD+,PERIOD_M1,0.00,SELL,0.00,0,0.00,0.00,NO,520118.78,
2026.09.10 12:05:26,ORDER_FILL,XAUUSD+,PERIOD_M1,4395.03,SELL,0.01,0,0.01,0.00,YES,520111.11,
2026.09.10 12:06:10,ORDER_FILL,XAUUSD+,PERIOD_M1,0.00,SELL,0.00,0,0.00,0.00,NO,520126.73,
2026.09.10 12:06:10,ORDER_FILL,XAUUSD+,PERIOD_M1,0.00,SELL,0.00,0,0.00,0.00,NO,520126.73,
2026.09.10 12:06:10,ORDER_FILL,XAUUSD+,PERIOD_M1,0.00,SELL,0.00,0,0.00,0.00,NO,520126.73,
2026.09.10 12:06:10,ORDER_FILL,XAUUSD+,PERIOD_M1,0.00,SELL,0.00,0,0.00,0.00,NO,520126.73,
2026.09.10 12:08:28,ORDER_FILL,XAUUSD+,PERIOD_M1,4393.38,SELL,0.01,0,0.01,0.00,YES,520119.15,
2026.09.10 12:09:10,ORDER_FILL,XAUUSD+,PERIOD_M1,4393.08,SELL,0.01,0,0.01,0.26,YES,520111.85,
2026.09.10 12:11:06,ORDER_FILL,XAUUSD+,PERIOD_M1,4393.09,BUY,0.01,0,0.01,0.00,YES,520118.93,
2026.09.10 12:11:06,ORDER_FILL,XAUUSD+,PERIOD_M1,4393.15,BUY,0.01,0,0.01,0.00,YES,520111.35,
2026.09.10 12:11:09,ORDER_FILL,XAUUSD+,PERIOD_M1,4393.45,BUY,0.01,0,0.01,1.03,YES,520097.05,
2026.09.10 12:11:09,ORDER_FILL,XAUUSD+,PERIOD_M1,4393.75,BUY,0.01,0,0.01,1.03,YES,520097.01,
2026.09.10 12:11:20,ORDER_FILL,XAUUSD+,PERIOD_M1,4392.86,BUY,0.01,0,0.01,0.00,YES,520119.09,
2026.09.10 12:11:23,ORDER_FILL,XAUUSD+,PERIOD_M1,4393.15,BUY,0.01,0,0.01,0.15,YES,520111.54,
2026.09.10 12:11:51,ORDER_FILL,XAUUSD+,PERIOD_M1,4392.85,BUY,0.01,0,0.01,0.00,YES,520118.58,
2026.09.10 12:11:55,ORDER_FILL,XAUUSD+,PERIOD_M1,4393.15,BUY,0.01,0,0.01,0.13,YES,520111.12,
2026.09.10 12:12:25,ORDER_FILL,XAUUSD+,PERIOD_M1,0.00,SELL,0.00,0,0.00,0.00,NO,520126.15,
2026.09.10 12:12:25,ORDER_FILL,XAUUSD+,PERIOD_M1,0.00,SELL,0.00,0,0.00,0.00,NO,520126.15,
2026.09.10 12:13:55,ORDER_FILL,XAUUSD+,PERIOD_M1,4394.98,BUY,0.01,0,0.01,-0.69,YES,520117.88,
2026.09.10 12:15:07,ORDER_FILL,XAUUSD+,PERIOD_M1,0.00,SELL,0.00,0,0.00,0.00,NO,520126.08,
2026.09.10 12:15:50,ORDER_FILL,XAUUSD+,PERIOD_M1,4394.26,SELL,0.01,0,0.01,0.00,YES,520118.57,
2026.09.10 12:15:50,ORDER_FILL,XAUUSD+,PERIOD_M1,4393.96,SELL,0.01,0,0.01,0.36,YES,520111.28,
2026.09.10 12:15:51,ORDER_FILL,XAUUSD+,PERIOD_M1,4393.66,SELL,0.01,0,0.01,0.57,YES,520103.91,
2026.09.10 12:16:51,ORDER_FILL,XAUUSD+,PERIOD_M1,4395.76,BUY,0.01,0,0.01,-1.14,YES,520102.01,
2026.09.10 12:16:51,ORDER_FILL,XAUUSD+,PERIOD_M1,4396.06,BUY,0.01,0,0.01,-1.14,YES,520101.99,
2026.09.10 12:16:52,ORDER_FILL,XAUUSD+,PERIOD_M1,4396.36,BUY,0.01,0,0.01,-1.14,YES,520101.99,
2026.09.10 12:17:41,ORDER_FILL,XAUUSD+,PERIOD_M1,0.00,SELL,0.00,0,0.00,0.00,NO,520127.47,
2026.09.10 12:19:46,ORDER_FILL,XAUUSD+,PERIOD_M1,4395.17,SELL,0.01,0,0.00,-0.27,YES,520119.62,
2026.09.10 12:20:29,ORDER_FILL,XAUUSD+,PERIOD_M1,0.00,SELL,0.00,0,0.00,0.00,NO,520127.32,
2026.09.10 12:20:29,ORDER_FILL,XAUUSD+,PERIOD_M1,0.00,SELL,0.00,0,0.00,0.00,NO,520127.32,
2026.09.10 12:20:29,ORDER_FILL,XAUUSD+,PERIOD_M1,0.00,SELL,0.00,0,0.00,0.00,NO,520127.32,
2026.09.10 12:21:42,ORDER_FILL,XAUUSD+,PERIOD_M1,4394.70,SELL,0.01,0,0.01,0.54,YES,520105.38,
2026.09.10 12:21:43,ORDER_FILL,XAUUSD+,PERIOD_M1,4394.40,SELL,0.01,0,0.01,0.54,YES,520105.43,
2026.09.10 12:22:21,ORDER_FILL,XAUUSD+,PERIOD_M1,4394.40,SELL,0.01,0,0.01,0.54,YES,520119.58,
2026.09.10 12:25:20,ORDER_FILL,XAUUSD+,PERIOD_M1,4393.63,SELL,0.01,0,0.01,1.48,YES,520091.71,
2026.09.10 12:25:20,ORDER_FILL,XAUUSD+,PERIOD_M1,4393.33,SELL,0.01,0,0.01,1.48,YES,520091.75,
2026.09.10 12:25:20,ORDER_FILL,XAUUSD+,PERIOD_M1,4393.03,SELL,0.01,0,0.01,1.48,YES,520091.75,
2026.09.10 12:25:20,ORDER_FILL,XAUUSD+,PERIOD_M1,4392.73,SELL,0.01,0,0.01,1.48,YES,520091.75,
2026.09.10 12:25:20,ORDER_FILL,XAUUSD+,PERIOD_M1,4392.43,SELL,0.01,0,0.01,1.48,YES,520091.75,
2026.09.10 12:28:30,ORDER_FILL,XAUUSD+,PERIOD_M1,4393.85,SELL,0.01,0,0.01,0.00,YES,520122.62,
2026.09.10 12:28:30,ORDER_FILL,XAUUSD+,PERIOD_M1,4393.55,SELL,0.01,0,0.01,0.00,YES,520115.48,
2026.09.10 12:28:31,ORDER_FILL,XAUUSD+,PERIOD_M1,4393.25,SELL,0.01,0,0.01,0.56,YES,520108.13,
2026.09.10 12:29:50,ORDER_FILL,XAUUSD+,PERIOD_M1,4392.95,SELL,0.01,0,0.01,0.04,YES,520122.27,
2026.09.10 12:30:35,ORDER_FILL,XAUUSD+,PERIOD_M1,4392.68,SELL,0.01,0,0.00,0.08,YES,520107.54,
2026.09.10 12:30:35,ORDER_FILL,XAUUSD+,PERIOD_M1,4392.38,SELL,0.01,0,0.00,0.08,YES,520107.54,
2026.09.10 12:30:36,ORDER_FILL,XAUUSD+,PERIOD_M1,4392.08,SELL,0.01,0,0.00,0.08,YES,520107.57,
2026.09.10 12:31:18,ORDER_FILL,XAUUSD+,PERIOD_M1,0.00,SELL,0.00,0,0.00,0.00,NO,520129.46,
2026.09.10 12:31:54,ORDER_FILL,XAUUSD+,PERIOD_M1,0.00,SELL,0.00,0,0.00,0.00,NO,520129.23,
2026.09.10 12:32:12,ORDER_FILL,XAUUSD+,PERIOD_M1,0.00,SELL,0.00,0,0.00,0.00,NO,520129.23,
2026.09.10 12:32:12,ORDER_FILL,XAUUSD+,PERIOD_M1,0.00,SELL,0.00,0,0.00,0.00,NO,520129.23,
2026.09.10 12:32:57,ORDER_FILL,XAUUSD+,PERIOD_M1,0.00,SELL,0.00,0,0.00,0.00,NO,520129.72,
2026.09.10 12:33:33,ORDER_FILL,XAUUSD+,PERIOD_M1,0.00,SELL,0.00,0,0.00,0.00,NO,520129.72,
2026.09.10 12:33:33,ORDER_FILL,XAUUSD+,PERIOD_M1,0.00,SELL,0.00,0,0.00,0.00,NO,520129.72,
2026.09.10 12:35:34,ORDER_FILL,XAUUSD+,PERIOD_M1,4392.32,BUY,0.01,0,0.00,-2.00,YES,520112.65,
2026.09.10 12:35:34,ORDER_FILL,XAUUSD+,PERIOD_M1,4392.62,BUY,0.01,0,0.00,-2.00,YES,520112.65,
2026.09.10 12:36:34,ORDER_FILL,XAUUSD+,PERIOD_M1,4392.61,BUY,0.01,0,0.00,-0.06,YES,520105.24,
2026.09.10 12:36:52,ORDER_FILL,XAUUSD+,PERIOD_M1,4392.29,BUY,0.01,0,0.01,-0.78,YES,520098.54,
2026.09.10 12:37:33,ORDER_FILL,XAUUSD+,PERIOD_M1,4392.59,BUY,0.01,0,0.01,-7.86,YES,520092.07,
2026.09.10 12:37:33,ORDER_FILL,XAUUSD+,PERIOD_M1,4392.92,BUY,0.01,0,0.01,-7.86,YES,520092.07,
2026.09.10 12:37:33,ORDER_FILL,XAUUSD+,PERIOD_M1,4392.89,BUY,0.01,0,0.01,-7.86,YES,520092.03,
2026.09.10 12:38:18,ORDER_FILL,XAUUSD+,PERIOD_M1,4391.23,SELL,0.01,0,0.01,-0.72,YES,520105.82,
2026.09.10 12:38:18,ORDER_FILL,XAUUSD+,PERIOD_M1,4390.93,SELL,0.01,0,0.01,-0.72,YES,520105.82,
2026.09.10 12:40:29,ORDER_FILL,XAUUSD+,PERIOD_M1,4390.90,SELL,0.01,0,0.01,0.12,YES,520092.68,
2026.09.10 12:40:29,ORDER_FILL,XAUUSD+,PERIOD_M1,4390.60,SELL,0.01,0,0.01,0.12,YES,520092.79,
2026.09.10 12:41:57,ORDER_FILL,XAUUSD+,PERIOD_M1,4389.73,SELL,0.01,0,0.01,-0.20,YES,520115.04,
2026.09.10 12:42:20,ORDER_FILL,XAUUSD+,PERIOD_M1,4389.43,SELL,0.01,0,0.01,0.50,YES,520108.17,
2026.09.10 12:42:23,ORDER_FILL,XAUUSD+,PERIOD_M1,0.00,SELL,0.00,0,0.00,0.00,NO,520122.95,
2026.09.10 12:44:02,ORDER_FILL,XAUUSD+,PERIOD_M1,4390.02,BUY,0.01,0,0.01,3.38,YES,520105.19,
2026.09.10 12:45:25,ORDER_FILL,XAUUSD+,PERIOD_M1,4390.32,BUY,0.01,0,0.01,3.38,YES,520108.56,
2026.09.10 12:45:25,ORDER_FILL,XAUUSD+,PERIOD_M1,4390.62,BUY,0.01,0,0.01,3.38,YES,520108.56,
2026.09.10 12:45:29,ORDER_FILL,XAUUSD+,PERIOD_M1,4393.87,BUY,0.01,0,0.01,8.84,YES,520101.65,
2026.09.10 12:48:09,ORDER_FILL,XAUUSD+,PERIOD_M1,4394.88,BUY,0.01,0,0.00,0.28,YES,520108.35,
2026.09.10 12:48:10,ORDER_FILL,XAUUSD+,PERIOD_M1,4395.18,BUY,0.01,0,0.00,0.28,YES,520108.35,
2026.09.10 12:48:10,ORDER_FILL,XAUUSD+,PERIOD_M1,4395.48,BUY,0.01,0,0.00,0.28,YES,520108.38,
2026.09.10 12:48:31,ORDER_FILL,XAUUSD+,PERIOD_M1,4395.78,BUY,0.01,0,0.00,0.10,YES,520100.58,
2026.09.10 12:50:27,ORDER_FILL,XAUUSD+,PERIOD_M1,4394.35,SELL,0.01,0,0.00,-0.58,YES,520113.91,
2026.09.10 12:50:27,ORDER_FILL,XAUUSD+,PERIOD_M1,4394.05,SELL,0.01,0,0.00,-0.58,YES,520113.91,
2026.09.10 12:51:29,ORDER_FILL,XAUUSD+,PERIOD_M1,4394.01,SELL,0.01,0,0.01,-0.48,YES,520121.30,
2026.09.10 12:52:40,ORDER_FILL,XAUUSD+,PERIOD_M1,4394.63,BUY,0.01,0,0.01,0.00,YES,520121.14,
2026.09.10 12:53:42,ORDER_FILL,XAUUSD+,PERIOD_M1,4394.93,BUY,0.01,0,0.01,1.13,YES,520098.13,
2026.09.10 12:53:42,ORDER_FILL,XAUUSD+,PERIOD_M1,4395.23,BUY,0.01,0,0.01,1.13,YES,520098.16,
2026.09.10 12:53:42,ORDER_FILL,XAUUSD+,PERIOD_M1,4395.53,BUY,0.01,0,0.01,1.13,YES,520098.16,
2026.09.10 12:55:07,ORDER_FILL,XAUUSD+,PERIOD_M1,4395.67,BUY,0.01,0,0.01,-0.30,YES,520119.09,
2026.09.10 12:55:29,ORDER_FILL,XAUUSD+,PERIOD_M1,4394.51,SELL,0.01,1,0.01,-1.09,YES,520126.32,
2026.09.10 13:01:04,ORDER_FILL,XAUUSD+,PERIOD_M1,4394.09,BUY,0.01,0,0.01,-0.06,YES,520117.90,
2026.09.10 13:02:46,ORDER_FILL,XAUUSD+,PERIOD_M1,0.00,SELL,0.00,0,0.00,0.00,NO,520130.41,
2026.09.10 13:02:46,ORDER_FILL,XAUUSD+,PERIOD_M1,0.00,SELL,0.00,0,0.00,0.00,NO,520130.41,
2026.09.10 13:02:46,ORDER_FILL,XAUUSD+,PERIOD_M1,0.00,SELL,0.00,0,0.00,0.00,YES,520130.41,
2026.09.10 13:02:46,ORDER_FILL,XAUUSD+,PERIOD_M1,0.00,SELL,0.00,0,0.00,0.00,YES,520130.41,
2026.09.10 13:08:44,ORDER_FILL,XAUUSD+,PERIOD_M1,4396.96,SELL,0.01,0,0.01,-0.78,YES,520106.85,
2026.09.10 13:08:44,ORDER_FILL,XAUUSD+,PERIOD_M1,4396.66,SELL,0.01,0,0.01,-0.78,YES,520106.33,
2026.09.10 13:08:44,ORDER_FILL,XAUUSD+,PERIOD_M1,4396.36,SELL,0.01,0,0.01,-0.78,YES,520106.51,
2026.09.10 13:09:09,ORDER_FILL,XAUUSD+,PERIOD_M1,0.00,SELL,0.00,0,0.00,0.00,NO,520137.28,
2026.09.10 13:09:28,ORDER_FILL,XAUUSD+,PERIOD_M1,0.00,SELL,0.00,0,0.00,0.00,NO,520137.28,
2026.09.10 13:09:28,ORDER_FILL,XAUUSD+,PERIOD_M1,0.00,SELL,0.00,0,0.00,0.00,NO,520137.28,
2026.09.10 13:09:28,ORDER_FILL,XAUUSD+,PERIOD_M1,0.00,SELL,0.00,0,0.00,0.00,NO,520137.28,
2026.09.10 13:10:51,ORDER_FILL,XAUUSD+,PERIOD_M1,4391.98,SELL,0.01,0,0.01,-1.66,YES,520120.47,
2026.09.10 13:11:30,ORDER_FILL,XAUUSD+,PERIOD_M1,4391.68,SELL,0.01,0,0.01,-1.66,YES,520103.81,
2026.09.10 13:11:30,ORDER_FILL,XAUUSD+,PERIOD_M1,4391.38,SELL,0.01,0,0.01,-3.23,YES,520103.74,
2026.09.10 13:11:31,ORDER_FILL,XAUUSD+,PERIOD_M1,4391.08,SELL,0.01,0,0.01,-3.23,YES,520103.88,
2026.09.10 13:15:45,ORDER_FILL,XAUUSD+,PERIOD_M1,4397.40,BUY,0.01,0,0.01,0.96,YES,520107.57,
2026.09.10 13:15:45,ORDER_FILL,XAUUSD+,PERIOD_M1,4397.70,BUY,0.01,0,0.01,0.96,YES,520107.60,
2026.09.10 13:15:45,ORDER_FILL,XAUUSD+,PERIOD_M1,4398.00,BUY,0.01,0,0.01,0.96,YES,520107.48,
2026.09.10 13:18:22,ORDER_FILL,XAUUSD+,PERIOD_M1,4398.51,SELL,0.01,0,0.01,-0.08,YES,520121.55,
2026.09.10 13:18:54,ORDER_FILL,XAUUSD+,PERIOD_M1,4398.21,SELL,0.01,0,0.01,2.67,YES,520094.06,
2026.09.10 13:18:54,ORDER_FILL,XAUUSD+,PERIOD_M1,4397.91,SELL,0.01,0,0.01,2.67,YES,520094.11,
2026.09.10 13:18:55,ORDER_FILL,XAUUSD+,PERIOD_M1,4397.61,SELL,0.01,0,0.01,2.67,YES,520094.11,
2026.09.10 13:18:55,ORDER_FILL,XAUUSD+,PERIOD_M1,4397.31,SELL,0.01,0,0.01,2.67,YES,520094.11,
2026.09.10 13:21:18,ORDER_FILL,XAUUSD+,PERIOD_M1,4397.20,SELL,0.01,0,0.00,-0.30,YES,520123.63,
2026.09.10 13:25:29,ORDER_FILL,XAUUSD+,PERIOD_M1,4396.18,SELL,0.01,0,0.00,0.03,YES,520122.36,
2026.09.10 13:25:52,ORDER_FILL,XAUUSD+,PERIOD_M1,4395.96,SELL,0.01,0,0.01,-0.78,YES,520105.80,
2026.09.10 13:25:52,ORDER_FILL,XAUUSD+,PERIOD_M1,4395.88,SELL,0.01,0,0.01,-0.78,YES,520105.83,
2026.09.10 13:25:56,ORDER_FILL,XAUUSD+,PERIOD_M1,4397.30,BUY,0.01,1,0.01,-3.36,YES,520111.53,
2026.09.10 13:27:59,ORDER_FILL,XAUUSD+,PERIOD_M1,0.00,SELL,0.00,0,0.01,-0.83,YES,520104.91,
2026.09.10 13:34:08,ORDER_FILL,XAUUSD+,PERIOD_M1,4387.30,SELL,0.01,0,0.00,4.88,YES,520109.29,
2026.09.10 13:34:08,ORDER_FILL,XAUUSD+,PERIOD_M1,4387.00,SELL,0.01,0,0.00,4.88,YES,520109.32,
2026.09.10 13:34:08,ORDER_FILL,XAUUSD+,PERIOD_M1,4386.70,SELL,0.01,0,0.00,4.88,YES,520109.57,
2026.09.10 13:34:30,ORDER_FILL,XAUUSD+,PERIOD_M1,0.00,SELL,0.00,0,0.00,0.00,NO,520131.51,
2026.09.10 13:34:30,ORDER_FILL,XAUUSD+,PERIOD_M1,0.00,SELL,0.00,0,0.00,0.00,NO,520131.51,
2026.09.10 13:34:30,ORDER_FILL,XAUUSD+,PERIOD_M1,0.00,SELL,0.00,0,0.00,0.00,NO,520131.51,
2026.09.10 13:35:52,ORDER_FILL,XAUUSD+,PERIOD_M1,0.00,SELL,0.00,0,0.00,0.00,NO,520133.33,
2026.09.10 13:36:11,ORDER_FILL,XAUUSD+,PERIOD_M1,0.00,SELL,0.00,0,0.00,0.00,NO,520133.33,
2026.09.10 13:36:40,ORDER_FILL,XAUUSD+,PERIOD_M1,4381.70,SELL,0.01,0,0.01,1.01,YES,520104.44,
2026.09.10 13:36:41,ORDER_FILL,XAUUSD+,PERIOD_M1,4381.40,SELL,0.01,0,0.01,1.01,YES,520104.74,
2026.09.10 13:37:42,ORDER_FILL,XAUUSD+,PERIOD_M1,4381.10,SELL,0.01,0,0.01,1.01,YES,520088.76,
2026.09.10 13:37:42,ORDER_FILL,XAUUSD+,PERIOD_M1,4380.80,SELL,0.01,0,0.01,1.14,YES,520089.07,
2026.09.10 13:37:43,ORDER_FILL,XAUUSD+,PERIOD_M1,4380.50,SELL,0.01,0,0.01,1.14,YES,520088.76,
2026.09.10 13:37:43,ORDER_FILL,XAUUSD+,PERIOD_M1,4379.61,SELL,0.01,0,0.01,1.14,YES,520088.40,
2026.09.10 13:39:30,ORDER_FILL,XAUUSD+,PERIOD_M1,4384.17,BUY,0.01,0,0.01,-0.03,YES,520120.45,
2026.09.10 13:39:57,ORDER_FILL,XAUUSD+,PERIOD_M1,0.00,SELL,0.00,0,0.00,0.00,NO,520130.55,
2026.09.10 13:39:58,ORDER_FILL,XAUUSD+,PERIOD_M1,0.00,SELL,0.00,0,0.00,0.00,NO,520130.55,
2026.09.10 13:39:58,ORDER_FILL,XAUUSD+,PERIOD_M1,0.00,SELL,0.00,0,0.00,0.00,NO,520130.55,
2026.09.10 13:39:58,ORDER_FILL,XAUUSD+,PERIOD_M1,0.00,SELL,0.00,0,0.00,0.00,NO,520130.55,
2026.09.10 13:40:03,ORDER_FILL,XAUUSD+,PERIOD_M1,4385.65,BUY,0.01,0,0.01,0.00,YES,520122.89,
2026.09.10 13:43:42,ORDER_FILL,XAUUSD+,PERIOD_M1,4385.61,BUY,0.01,0,0.00,1.10,YES,520094.58,
2026.09.10 13:43:42,ORDER_FILL,XAUUSD+,PERIOD_M1,4385.91,BUY,0.01,0,0.00,1.10,YES,520094.61,
2026.09.10 13:43:42,ORDER_FILL,XAUUSD+,PERIOD_M1,4386.21,BUY,0.01,0,0.00,1.10,YES,520094.61,
2026.09.10 13:45:43,ORDER_FILL,XAUUSD+,PERIOD_M1,4383.16,SELL,0.01,0,0.01,0.60,YES,520101.84,
2026.09.10 13:45:43,ORDER_FILL,XAUUSD+,PERIOD_M1,4382.86,SELL,0.01,0,0.01,0.60,YES,520101.71,
2026.09.10 13:45:44,ORDER_FILL,XAUUSD+,PERIOD_M1,4382.56,SELL,0.01,0,0.01,0.60,YES,520101.71,
2026.09.10 13:47:24,ORDER_FILL,XAUUSD+,PERIOD_M1,4384.04,SELL,0.01,0,0.01,0.32,YES,520109.07,
2026.09.10 13:47:24,ORDER_FILL,XAUUSD+,PERIOD_M1,4383.74,SELL,0.01,0,0.01,0.32,YES,520109.07,
2026.09.10 13:47:33,ORDER_FILL,XAUUSD+,PERIOD_M1,4383.44,SELL,0.01,0,0.01,0.58,YES,520101.64,
2026.09.10 13:48:24,ORDER_FILL,XAUUSD+,PERIOD_M1,0.00,SELL,0.00,0,0.00,0.00,NO,520125.53,
2026.09.10 13:48:40,ORDER_FILL,XAUUSD+,PERIOD_M1,0.00,SELL,0.00,0,0.00,0.00,NO,520125.53,
2026.09.10 13:48:40,ORDER_FILL,XAUUSD+,PERIOD_M1,0.00,SELL,0.00,0,0.00,0.00,YES,520125.53,
2026.09.10 13:49:38,ORDER_FILL,XAUUSD+,PERIOD_M1,4383.55,BUY,0.01,0,0.01,-0.23,YES,520117.73,
2026.09.10 13:51:30,ORDER_FILL,XAUUSD+,PERIOD_M1,0.00,SELL,0.00,0,0.01,-1.63,YES,520113.79,
2026.09.10 13:51:30,ORDER_FILL,XAUUSD+,PERIOD_M1,4383.73,BUY,0.01,0,0.01,-1.63,YES,520106.25,
2026.09.10 13:52:48,ORDER_FILL,XAUUSD+,PERIOD_M1,0.00,SELL,0.00,0,0.00,0.00,NO,520137.80,
2026.09.10 13:52:48,ORDER_FILL,XAUUSD+,PERIOD_M1,0.00,SELL,0.00,0,0.00,0.00,NO,520137.80,
2026.09.10 13:52:48,ORDER_FILL,XAUUSD+,PERIOD_M1,0.00,SELL,0.00,0,0.00,0.00,NO,520137.80,
2026.09.10 13:52:48,ORDER_FILL,XAUUSD+,PERIOD_M1,0.00,SELL,0.00,0,0.00,0.00,NO,520137.80,
2026.09.10 13:54:29,ORDER_FILL,XAUUSD+,PERIOD_M1,4377.41,SELL,0.01,0,0.01,0.00,YES,520130.18,
2026.09.10 13:56:26,ORDER_FILL,XAUUSD+,PERIOD_M1,4377.11,SELL,0.01,0,0.01,-3.07,YES,520118.22,
2026.09.10 13:56:26,ORDER_FILL,XAUUSD+,PERIOD_M1,4376.81,SELL,0.01,0,0.01,-3.07,YES,520118.30,
2026.09.10 14:00:42,ORDER_FILL,XAUUSD+,PERIOD_M1,4379.81,BUY,0.01,0,0.01,0.00,YES,520125.43,
2026.09.10 14:02:25,ORDER_FILL,XAUUSD+,PERIOD_M1,4379.61,SELL,0.01,0,0.01,-0.81,YES,520124.94,
2026.09.10 14:03:33,ORDER_FILL,XAUUSD+,PERIOD_M1,0.00,SELL,0.00,0,0.00,0.00,NO,520131.54,
2026.09.10 14:03:33,ORDER_FILL,XAUUSD+,PERIOD_M1,0.00,SELL,0.00,0,0.00,0.00,NO,520131.54,
2026.09.10 14:03:33,ORDER_FILL,XAUUSD+,PERIOD_M1,0.00,SELL,0.00,0,0.00,0.00,NO,520131.54,
2026.09.10 14:04:24,ORDER_FILL,XAUUSD+,PERIOD_M1,4383.67,BUY,0.01,0,0.01,0.00,YES,520123.88,
2026.09.10 14:04:25,ORDER_FILL,XAUUSD+,PERIOD_M1,4383.97,BUY,0.01,0,0.01,0.08,YES,520116.74,
2026.09.10 14:04:26,ORDER_FILL,XAUUSD+,PERIOD_M1,4384.27,BUY,0.01,0,0.01,0.78,YES,520109.58,
2026.09.10 14:04:30,ORDER_FILL,XAUUSD+,PERIOD_M1,0.00,SELL,0.00,0,0.00,0.00,NO,520132.31,
2026.09.10 14:06:26,ORDER_FILL,XAUUSD+,PERIOD_M1,4382.27,SELL,0.01,0,0.01,0.89,YES,520103.56,
2026.09.10 14:06:27,ORDER_FILL,XAUUSD+,PERIOD_M1,4381.97,SELL,0.01,0,0.01,0.89,YES,520103.59,
2026.09.10 14:06:27,ORDER_FILL,XAUUSD+,PERIOD_M1,4381.67,SELL,0.01,0,0.01,0.89,YES,520103.56,
2026.09.10 14:06:45,ORDER_FILL,XAUUSD+,PERIOD_M1,4381.67,SELL,0.01,0,0.01,0.89,YES,520116.64,
2026.09.10 14:06:45,ORDER_FILL,XAUUSD+,PERIOD_M1,4381.07,SELL,0.01,0,0.01,-0.82,YES,520117.04,
2026.09.10 14:09:06,ORDER_FILL,XAUUSD+,PERIOD_M1,4382.75,BUY,0.01,0,0.01,0.00,YES,520124.48,
2026.09.10 14:09:06,ORDER_FILL,XAUUSD+,PERIOD_M1,4383.05,BUY,0.01,0,0.01,0.00,YES,520116.94,
2026.09.10 14:10:04,ORDER_FILL,XAUUSD+,PERIOD_M1,0.00,SELL,0.00,0,0.00,0.00,NO,520133.66,
2026.09.10 14:11:54,ORDER_FILL,XAUUSD+,PERIOD_M1,0.00,SELL,0.00,0,0.00,0.00,NO,520136.69,
2026.09.10 14:13:09,ORDER_FILL,XAUUSD+,PERIOD_M1,0.00,SELL,0.00,0,0.00,0.00,NO,520136.69,
2026.09.10 14:13:09,ORDER_FILL,XAUUSD+,PERIOD_M1,0.00,SELL,0.00,0,0.00,0.00,NO,520136.69,
2026.09.10 14:13:09,ORDER_FILL,XAUUSD+,PERIOD_M1,0.00,SELL,0.00,0,0.00,0.00,NO,520136.69,
2026.09.10 14:13:09,ORDER_FILL,XAUUSD+,PERIOD_M1,0.00,SELL,0.00,0,0.00,0.00,NO,520136.69,
2026.09.10 14:13:09,ORDER_FILL,XAUUSD+,PERIOD_M1,0.00,SELL,0.00,0,0.00,0.00,NO,520136.69,
2026.09.10 14:14:12,ORDER_FILL,XAUUSD+,PERIOD_M1,4382.12,BUY,0.01,0,0.01,0.00,YES,520129.03,
2026.09.10 14:14:19,ORDER_FILL,XAUUSD+,PERIOD_M1,0.00,SELL,0.00,0,0.00,0.00,NO,520136.66,
2026.09.10 14:15:29,ORDER_FILL,XAUUSD+,PERIOD_M1,4383.82,BUY,0.01,0,0.01,-0.51,YES,520113.48,
2026.09.10 14:15:29,ORDER_FILL,XAUUSD+,PERIOD_M1,4384.12,BUY,0.01,0,0.01,-0.51,YES,520113.43,
2026.09.10 14:15:29,ORDER_FILL,XAUUSD+,PERIOD_M1,4384.42,BUY,0.01,0,0.01,-0.51,YES,520113.29,
2026.09.10 14:15:59,ORDER_FILL,XAUUSD+,PERIOD_M1,4383.82,BUY,0.01,0,0.01,0.00,YES,520125.37,
2026.09.10 14:19:53,ORDER_FILL,XAUUSD+,PERIOD_M1,4382.36,SELL,0.01,0,0.01,-0.46,YES,520108.53,
2026.09.10 14:19:53,ORDER_FILL,XAUUSD+,PERIOD_M1,4382.06,SELL,0.01,0,0.01,-0.46,YES,520108.53,
2026.09.10 14:19:53,ORDER_FILL,XAUUSD+,PERIOD_M1,4381.76,SELL,0.01,0,0.01,-0.46,YES,520108.53,
2026.09.10 14:25:02,ORDER_FILL,XAUUSD+,PERIOD_M1,4382.74,BUY,0.01,0,0.00,-0.06,YES,520124.83,
2026.09.10 14:25:03,ORDER_FILL,XAUUSD+,PERIOD_M1,4383.17,BUY,0.01,0,0.00,0.31,YES,520117.59,
2026.09.10 14:25:26,ORDER_FILL,XAUUSD+,PERIOD_M1,4383.47,BUY,0.01,0,0.00,3.51,YES,520093.18,
2026.09.10 14:25:28,ORDER_FILL,XAUUSD+,PERIOD_M1,0.00,SELL,0.00,0,0.00,0.00,NO,520137.71,
2026.09.10 14:25:29,ORDER_FILL,XAUUSD+,PERIOD_M1,0.00,SELL,0.00,0,0.00,0.00,NO,520137.71,
2026.09.10 14:25:29,ORDER_FILL,XAUUSD+,PERIOD_M1,0.00,SELL,0.00,0,0.00,0.00,NO,520137.71,
2026.09.10 14:27:06,ORDER_FILL,XAUUSD+,PERIOD_M1,0.00,SELL,0.00,0,0.00,0.00,NO,520141.16,
2026.09.10 14:27:06,ORDER_FILL,XAUUSD+,PERIOD_M1,0.00,SELL,0.00,0,0.00,0.00,NO,520141.16,
2026.09.10 14:27:06,ORDER_FILL,XAUUSD+,PERIOD_M1,0.00,SELL,0.00,0,0.00,0.00,NO,520141.16,
2026.09.10 14:28:46,ORDER_FILL,XAUUSD+,PERIOD_M1,0.00,SELL,0.00,0,0.00,0.00,NO,520141.18,
2026.09.10 14:28:46,ORDER_FILL,XAUUSD+,PERIOD_M1,0.00,SELL,0.00,0,0.00,0.00,NO,520141.18,
2026.09.10 14:28:46,ORDER_FILL,XAUUSD+,PERIOD_M1,0.00,SELL,0.00,0,0.00,0.00,NO,520141.18,
2026.09.10 14:29:12,ORDER_FILL,XAUUSD+,PERIOD_M1,4385.83,SELL,0.01,0,0.01,0.00,YES,520133.52,
2026.09.10 14:29:59,ORDER_FILL,XAUUSD+,PERIOD_M1,4385.82,SELL,0.01,0,0.01,-0.18,YES,520133.36,
2026.09.10 14:30:22,ORDER_FILL,XAUUSD+,PERIOD_M1,4385.53,SELL,0.01,0,0.01,-0.19,YES,520125.66,
2026.09.10 14:30:43,ORDER_FILL,XAUUSD+,PERIOD_M1,0.00,SELL,0.00,0,0.00,0.00,NO,520141.22,
2026.09.10 14:32:12,ORDER_FILL,XAUUSD+,PERIOD_M1,4386.23,SELL,0.01,0,0.01,-0.08,YES,520133.56,
2026.09.10 14:32:14,ORDER_FILL,XAUUSD+,PERIOD_M1,4385.93,SELL,0.01,0,0.01,0.13,YES,520126.15,
2026.09.10 14:32:27,ORDER_FILL,XAUUSD+,PERIOD_M1,4386.20,SELL,0.01,0,0.01,0.00,YES,520133.10,
2026.09.10 14:33:17,ORDER_FILL,XAUUSD+,PERIOD_M1,4385.93,SELL,0.01,0,0.01,-0.07,YES,520102.39,
2026.09.10 14:33:18,ORDER_FILL,XAUUSD+,PERIOD_M1,4385.63,SELL,0.01,0,0.01,-0.07,YES,520102.16,
2026.09.10 14:33:18,ORDER_FILL,XAUUSD+,PERIOD_M1,4385.33,SELL,0.01,0,0.01,-0.07,YES,520102.16,
2026.09.10 14:33:18,ORDER_FILL,XAUUSD+,PERIOD_M1,4385.03,SELL,0.01,0,0.01,-0.07,YES,520101.86,
2026.09.10 14:38:55,ORDER_FILL,XAUUSD+,PERIOD_M1,4387.13,SELL,0.01,0,0.00,0.00,YES,520103.55,
2026.09.10 14:38:55,ORDER_FILL,XAUUSD+,PERIOD_M1,4386.83,SELL,0.01,0,0.00,0.00,YES,520103.55,
2026.09.10 14:38:55,ORDER_FILL,XAUUSD+,PERIOD_M1,4386.53,SELL,0.01,0,0.00,0.00,YES,520103.55,
2026.09.10 14:40:48,ORDER_FILL,XAUUSD+,PERIOD_M1,4389.58,BUY,0.01,0,0.01,0.00,YES,520116.37,
2026.09.10 14:41:12,ORDER_FILL,XAUUSD+,PERIOD_M1,4389.88,BUY,0.01,0,0.01,-0.14,YES,520108.72,
2026.09.10 14:43:21,ORDER_FILL,XAUUSD+,PERIOD_M1,4387.90,SELL,0.01,0,0.01,3.33,YES,520104.67,
2026.09.10 14:43:21,ORDER_FILL,XAUUSD+,PERIOD_M1,4387.60,SELL,0.01,0,0.01,3.33,YES,520104.77,
2026.09.10 14:43:21,ORDER_FILL,XAUUSD+,PERIOD_M1,4387.30,SELL,0.01,0,0.01,3.33,YES,520104.71,
2026.09.10 14:43:29,ORDER_FILL,XAUUSD+,PERIOD_M1,4385.73,SELL,0.01,0,0.01,4.95,YES,520091.88,
2026.09.10 14:43:32,ORDER_FILL,XAUUSD+,PERIOD_M1,0.00,SELL,0.00,0,0.00,0.00,NO,520127.54,
2026.09.10 14:47:15,ORDER_FILL,XAUUSD+,PERIOD_M1,0.00,SELL,0.00,0,0.00,0.00,NO,520127.53,
2026.09.10 14:47:15,ORDER_FILL,XAUUSD+,PERIOD_M1,0.00,SELL,0.00,0,0.00,0.00,NO,520127.53,
2026.09.10 14:47:15,ORDER_FILL,XAUUSD+,PERIOD_M1,0.00,SELL,0.00,0,0.00,0.00,NO,520127.53,
2026.09.10 14:47:15,ORDER_FILL,XAUUSD+,PERIOD_M1,0.00,SELL,0.00,0,0.00,0.00,NO,520127.53,
2026.09.10 14:48:21,ORDER_FILL,XAUUSD+,PERIOD_M1,4381.02,SELL,0.01,0,0.01,-2.16,YES,520102.67,
2026.09.10 14:48:22,ORDER_FILL,XAUUSD+,PERIOD_M1,4380.72,SELL,0.01,0,0.01,-2.16,YES,520102.61,
2026.09.10 14:48:22,ORDER_FILL,XAUUSD+,PERIOD_M1,4380.42,SELL,0.01,0,0.01,-2.16,YES,520102.61,
2026.09.10 14:51:49,ORDER_FILL,XAUUSD+,PERIOD_M1,0.00,SELL,0.00,0,0.00,0.00,NO,520128.32,
2026.09.10 14:52:08,ORDER_FILL,XAUUSD+,PERIOD_M1,0.00,SELL,0.00,0,0.00,0.00,NO,520128.32,
2026.09.10 14:52:08,ORDER_FILL,XAUUSD+,PERIOD_M1,0.00,SELL,0.00,0,0.00,0.00,NO,520128.32,
2026.09.10 14:53:14,ORDER_FILL,XAUUSD+,PERIOD_M1,4377.35,BUY,0.01,0,0.01,0.00,YES,520120.70,
2026.09.10 14:53:43,ORDER_FILL,XAUUSD+,PERIOD_M1,4377.65,BUY,0.01,0,0.01,0.05,YES,520113.27,
2026.09.10 14:54:27,ORDER_FILL,XAUUSD+,PERIOD_M1,0.00,SELL,0.00,0,0.00,0.00,NO,520132.99,
2026.09.10 14:55:24,ORDER_FILL,XAUUSD+,PERIOD_M1,0.00,SELL,0.00,0,0.00,0.00,NO,520132.99,
2026.09.10 14:55:24,ORDER_FILL,XAUUSD+,PERIOD_M1,0.00,SELL,0.00,0,0.00,0.00,NO,520132.99,
2026.09.10 14:57:09,ORDER_FILL,XAUUSD+,PERIOD_M1,0.00,SELL,0.00,0,0.01,-0.57,YES,520111.30,
2026.09.10 14:58:08,ORDER_FILL,XAUUSD+,PERIOD_M1,4376.96,BUY,0.01,0,0.01,0.00,YES,520123.25,
2026.09.10 14:58:09,ORDER_FILL,XAUUSD+,PERIOD_M1,4377.26,BUY,0.01,0,0.01,0.14,YES,520108.43,
2026.09.10 14:58:10,ORDER_FILL,XAUUSD+,PERIOD_M1,4377.56,BUY,0.01,0,0.01,0.99,YES,520108.88,
2026.09.10 14:59:59,ORDER_FILL,XAUUSD+,PERIOD_M1,0.00,SELL,0.00,0,0.00,0.00,NO,520130.68,
2026.09.10 15:00:17,ORDER_FILL,XAUUSD+,PERIOD_M1,0.00,SELL,0.00,0,0.00,0.00,NO,520130.68,
2026.09.10 15:02:33,ORDER_FILL,XAUUSD+,PERIOD_M1,0.00,SELL,0.00,0,0.01,0.00,YES,520120.44,
2026.09.10 15:03:11,ORDER_FILL,XAUUSD+,PERIOD_M1,0.00,SELL,0.00,0,0.00,0.00,YES,520127.95,
2026.09.10 15:03:11,ORDER_FILL,XAUUSD+,PERIOD_M1,0.00,SELL,0.00,0,0.00,0.00,YES,520127.95,
2026.09.10 15:05:03,ORDER_FILL,XAUUSD+,PERIOD_M1,4370.69,SELL,0.01,0,0.01,-0.02,YES,520120.37,
2026.09.10 15:06:06,ORDER_FILL,XAUUSD+,PERIOD_M1,4370.39,SELL,0.01,0,0.01,-3.76,YES,520107.85,
2026.09.10 15:06:06,ORDER_FILL,XAUUSD+,PERIOD_M1,4370.09,SELL,0.01,0,0.01,-3.76,YES,520108.63,
2026.09.10 15:07:19,ORDER_FILL,XAUUSD+,PERIOD_M1,0.00,SELL,0.00,0,0.01,-2.56,YES,520101.13,
2026.09.10 15:07:19,ORDER_FILL,XAUUSD+,PERIOD_M1,4373.07,BUY,0.01,0,0.01,-2.56,YES,520101.01,
2026.09.10 15:08:03,ORDER_FILL,XAUUSD+,PERIOD_M1,4374.88,BUY,0.01,0,0.01,0.00,YES,520116.13,
2026.09.10 15:08:23,ORDER_FILL,XAUUSD+,PERIOD_M1,4375.18,BUY,0.01,0,0.01,2.22,YES,520087.11,
2026.09.10 15:10:00,ORDER_FILL,XAUUSD+,PERIOD_M1,4375.48,BUY,0.01,0,0.01,-15.15,YES,520070.93,
2026.09.10 15:10:00,ORDER_FILL,XAUUSD+,PERIOD_M1,4375.78,BUY,0.01,0,0.01,-15.15,YES,520070.80,
2026.09.10 15:10:00,ORDER_FILL,XAUUSD+,PERIOD_M1,4376.08,BUY,0.01,0,0.01,-15.15,YES,520069.77,
2026.09.10 15:11:20,ORDER_FILL,XAUUSD+,PERIOD_M1,4374.15,BUY,0.01,0,0.01,-0.12,YES,520085.47,
2026.09.10 15:11:20,ORDER_FILL,XAUUSD+,PERIOD_M1,4374.45,BUY,0.01,0,0.01,-0.12,YES,520085.47,
2026.09.10 15:11:20,ORDER_FILL,XAUUSD+,PERIOD_M1,4374.75,BUY,0.01,0,0.01,-0.12,YES,520085.47,
2026.09.10 15:13:26,ORDER_FILL,XAUUSD+,PERIOD_M1,4374.15,SELL,0.01,0,0.01,0.75,YES,520086.65,
2026.09.10 15:13:27,ORDER_FILL,XAUUSD+,PERIOD_M1,4373.85,SELL,0.01,0,0.01,0.75,YES,520086.80,
2026.09.10 15:13:27,ORDER_FILL,XAUUSD+,PERIOD_M1,4373.55,SELL,0.01,0,0.01,0.75,YES,520086.31,
2026.09.10 15:14:30,ORDER_FILL,XAUUSD+,PERIOD_M1,0.00,SELL,0.00,0,0.00,0.00,NO,520109.68,
2026.09.10 15:14:30,ORDER_FILL,XAUUSD+,PERIOD_M1,0.00,SELL,0.00,0,0.00,0.00,NO,520109.68,
2026.09.10 15:14:30,ORDER_FILL,XAUUSD+,PERIOD_M1,0.00,SELL,0.00,0,0.00,0.00,NO,520109.68,
2026.09.10 15:16:03,ORDER_FILL,XAUUSD+,PERIOD_M1,0.00,SELL,0.00,0,0.00,0.00,NO,520102.96,
2026.09.10 15:16:03,ORDER_FILL,XAUUSD+,PERIOD_M1,4372.37,SELL,0.01,0,0.00,0.00,NO,520103.01,
2026.09.10 15:17:07,ORDER_FILL,XAUUSD+,PERIOD_M1,0.00,SELL,0.00,0,0.00,0.00,NO,520116.10,
2026.09.10 15:17:08,ORDER_FILL,XAUUSD+,PERIOD_M1,0.00,SELL,0.00,0,0.00,0.00,NO,520116.10,
2026.09.10 15:17:08,ORDER_FILL,XAUUSD+,PERIOD_M1,0.00,SELL,0.00,0,0.00,0.00,NO,520116.10,
2026.09.10 15:17:12,ORDER_FILL,XAUUSD+,PERIOD_M1,4368.38,SELL,0.01,0,0.01,0.00,YES,520108.63,
2026.09.10 15:17:16,ORDER_FILL,XAUUSD+,PERIOD_M1,4368.08,SELL,0.01,0,0.01,0.37,YES,520093.42,
2026.09.10 15:17:19,ORDER_FILL,XAUUSD+,PERIOD_M1,4367.78,SELL,0.01,0,0.01,0.03,YES,520093.47,
2026.09.10 15:17:34,ORDER_FILL,XAUUSD+,PERIOD_M1,4368.38,SELL,0.01,0,0.01,0.00,YES,520107.77,
2026.09.10 15:17:34,ORDER_FILL,XAUUSD+,PERIOD_M1,4368.08,SELL,0.01,0,0.01,-0.24,YES,520099.94,
2026.09.10 15:18:07,ORDER_FILL,XAUUSD+,PERIOD_M1,4370.95,BUY,0.01,0,0.01,0.00,YES,520097.34,
2026.09.10 15:18:08,ORDER_FILL,XAUUSD+,PERIOD_M1,4371.25,BUY,0.01,0,0.01,-0.08,YES,520097.07,
2026.09.10 15:20:30,ORDER_FILL,XAUUSD+,PERIOD_M1,0.00,SELL,0.00,0,0.00,-3.34,YES,520092.98,
2026.09.10 15:20:30,ORDER_FILL,XAUUSD+,PERIOD_M1,4369.41,SELL,0.01,0,0.00,-3.34,YES,520093.17,
2026.09.10 15:20:30,ORDER_FILL,XAUUSD+,PERIOD_M1,4369.11,SELL,0.01,0,0.00,-3.34,YES,520093.32,
2026.09.10 15:22:27,ORDER_FILL,XAUUSD+,PERIOD_M1,0.00,SELL,0.00,0,0.00,0.00,NO,520108.87,
2026.09.10 15:22:27,ORDER_FILL,XAUUSD+,PERIOD_M1,0.00,SELL,0.00,0,0.00,0.00,NO,520108.87,
2026.09.10 15:22:42,ORDER_FILL,XAUUSD+,PERIOD_M1,4368.49,SELL,0.01,0,0.01,0.00,YES,520101.28,
2026.09.10 15:22:42,ORDER_FILL,XAUUSD+,PERIOD_M1,4368.19,SELL,0.01,0,0.01,0.26,YES,520094.27,
2026.09.10 15:23:34,ORDER_FILL,XAUUSD+,PERIOD_M1,4368.49,SELL,0.01,0,0.01,-0.57,YES,520100.73,
2026.09.10 15:23:42,ORDER_FILL,XAUUSD+,PERIOD_M1,4367.92,SELL,0.01,0,0.01,0.51,YES,520094.14,
2026.09.10 15:23:46,ORDER_FILL,XAUUSD+,PERIOD_M1,4367.92,SELL,0.01,0,0.01,0.00,YES,520100.95,
2026.09.10 15:23:50,ORDER_FILL,XAUUSD+,PERIOD_M1,4367.62,SELL,0.01,0,0.01,0.12,YES,520093.56,
2026.09.10 15:23:50,ORDER_FILL,XAUUSD+,PERIOD_M1,4367.32,SELL,0.01,0,0.01,0.43,YES,520086.29,
2026.09.10 15:24:18,ORDER_FILL,XAUUSD+,PERIOD_M1,4367.22,SELL,0.01,0,0.01,0.00,YES,520101.06,
2026.09.10 15:24:33,ORDER_FILL,XAUUSD+,PERIOD_M1,4366.92,SELL,0.01,0,0.01,0.72,YES,520086.50,
2026.09.10 15:24:33,ORDER_FILL,XAUUSD+,PERIOD_M1,4366.62,SELL,0.01,0,0.01,0.72,YES,520086.34,
2026.09.10 15:27:24,ORDER_FILL,XAUUSD+,PERIOD_M1,4364.55,BUY,0.01,0,0.01,0.00,YES,520100.20,
2026.09.10 15:28:20,ORDER_FILL,XAUUSD+,PERIOD_M1,4361.97,SELL,0.01,0,0.01,-0.83,YES,520097.56,
2026.09.10 15:30:59,ORDER_FILL,XAUUSD+,PERIOD_M1,0.00,SELL,0.00,0,0.01,0.30,YES,520085.99,
2026.09.10 15:31:36,ORDER_FILL,XAUUSD+,PERIOD_M1,0.00,SELL,0.00,0,0.01,0.30,YES,520090.34,
2026.09.10 15:31:36,ORDER_FILL,XAUUSD+,PERIOD_M1,0.00,SELL,0.00,0,0.01,0.30,YES,520089.93,
2026.09.10 15:31:45,ORDER_FILL,XAUUSD+,PERIOD_M1,0.00,SELL,0.00,0,0.00,0.00,NO,520122.41,
2026.09.10 15:31:45,ORDER_FILL,XAUUSD+,PERIOD_M1,0.00,SELL,0.00,0,0.00,0.00,NO,520122.41,
2026.09.10 15:31:45,ORDER_FILL,XAUUSD+,PERIOD_M1,0.00,SELL,0.00,0,0.00,0.00,NO,520122.41,
2026.09.10 15:32:30,ORDER_FILL,XAUUSD+,PERIOD_M1,4352.29,SELL,0.01,0,0.01,-1.51,YES,520098.33,
2026.09.10 15:32:32,ORDER_FILL,XAUUSD+,PERIOD_M1,4352.24,SELL,0.01,0,0.01,-1.51,YES,520096.62,
2026.09.10 15:32:33,ORDER_FILL,XAUUSD+,PERIOD_M1,4351.94,SELL,0.01,0,0.01,-1.51,YES,520096.23,
2026.09.10 15:32:59,ORDER_FILL,XAUUSD+,PERIOD_M1,0.00,SELL,0.00,0,0.00,0.00,NO,520095.21,
2026.09.10 15:33:30,ORDER_FILL,XAUUSD+,PERIOD_M1,0.00,SELL,0.00,0,0.00,0.00,NO,520098.04,
2026.09.10 15:33:53,ORDER_FILL,XAUUSD+,PERIOD_M1,4351.04,SELL,0.01,0,0.01,-0.44,YES,520093.54,
2026.09.10 15:36:19,ORDER_FILL,XAUUSD+,PERIOD_M1,0.00,SELL,0.00,0,0.01,0.00,YES,520174.37,
2026.09.10 15:36:39,ORDER_FILL,XAUUSD+,PERIOD_M1,0.00,SELL,0.00,0,0.01,0.00,YES,520173.13,
2026.09.10 15:36:39,ORDER_FILL,XAUUSD+,PERIOD_M1,0.00,SELL,0.00,0,0.01,0.00,YES,520172.51,
2026.09.10 15:36:39,ORDER_FILL,XAUUSD+,PERIOD_M1,0.00,SELL,0.00,0,0.01,0.00,YES,520173.21,
2026.09.10 15:36:40,ORDER_FILL,XAUUSD+,PERIOD_M1,0.00,SELL,0.00,0,0.01,0.00,YES,520173.84,
2026.09.10 15:37:45,ORDER_FILL,XAUUSD+,PERIOD_M1,0.00,SELL,0.00,0,0.00,0.00,YES,520214.45,
2026.09.10 15:37:45,ORDER_FILL,XAUUSD+,PERIOD_M1,0.00,SELL,0.00,0,0.00,0.00,YES,520214.45,
2026.09.10 15:37:45,ORDER_FILL,XAUUSD+,PERIOD_M1,0.00,SELL,0.00,0,0.00,0.00,NO,520214.45,
2026.09.10 15:37:45,ORDER_FILL,XAUUSD+,PERIOD_M1,0.00,SELL,0.00,0,0.00,0.00,NO,520214.45,
2026.09.10 15:37:45,ORDER_FILL,XAUUSD+,PERIOD_M1,0.00,SELL,0.00,0,0.00,0.00,NO,520214.45,
2026.09.10 15:37:45,ORDER_FILL,XAUUSD+,PERIOD_M1,0.00,SELL,0.00,0,0.00,0.00,NO,520214.45,
2026.09.10 15:37:45,ORDER_FILL,XAUUSD+,PERIOD_M1,0.00,SELL,0.00,0,0.00,0.00,NO,520214.45,
2026.09.10 15:39:08,ORDER_FILL,XAUUSD+,PERIOD_M1,4327.34,SELL,0.01,0,0.01,0.00,YES,520206.83,
2026.09.10 15:40:10,ORDER_FILL,XAUUSD+,PERIOD_M1,4327.04,SELL,0.01,0,0.01,1.28,YES,520171.49,
2026.09.10 15:40:11,ORDER_FILL,XAUUSD+,PERIOD_M1,4326.74,SELL,0.01,0,0.01,1.28,YES,520170.76,
2026.09.10 15:40:11,ORDER_FILL,XAUUSD+,PERIOD_M1,4326.44,SELL,0.01,0,0.01,-6.78,YES,520169.89,
2026.09.10 15:40:11,ORDER_FILL,XAUUSD+,PERIOD_M1,4326.14,SELL,0.01,0,0.01,-6.78,YES,520168.21,
2026.09.10 15:40:31,ORDER_FILL,XAUUSD+,PERIOD_M1,4324.38,SELL,0.01,0,0.01,-6.78,YES,520182.87,
2026.09.10 15:40:58,ORDER_FILL,XAUUSD+,PERIOD_M1,4328.78,BUY,0.01,0,0.01,0.00,YES,520212.97,
2026.09.10 15:40:59,ORDER_FILL,XAUUSD+,PERIOD_M1,4329.08,BUY,0.01,0,0.01,0.00,YES,520198.56,
2026.09.10 15:41:03,ORDER_FILL,XAUUSD+,PERIOD_M1,0.00,SELL,0.00,0,0.00,0.00,NO,520219.87,
2026.09.10 15:41:07,ORDER_FILL,XAUUSD+,PERIOD_M1,4329.50,BUY,0.01,0,0.01,0.00,YES,520212.25,
2026.09.10 15:41:11,ORDER_FILL,XAUUSD+,PERIOD_M1,4329.50,BUY,0.01,0,0.01,0.00,YES,520211.01,
2026.09.10 15:41:27,ORDER_FILL,XAUUSD+,PERIOD_M1,4329.80,BUY,0.01,0,0.00,-0.34,NO,520196.24,
2026.09.10 15:42:35,ORDER_FILL,XAUUSD+,PERIOD_M1,0.00,SELL,0.00,0,0.00,0.00,NO,520207.64,
2026.09.10 15:42:55,ORDER_FILL,XAUUSD+,PERIOD_M1,0.00,SELL,0.00,0,0.00,0.00,NO,520223.48,
2026.09.10 15:42:55,ORDER_FILL,XAUUSD+,PERIOD_M1,0.00,SELL,0.00,0,0.00,0.00,NO,520223.48,
2026.09.10 15:44:21,ORDER_FILL,XAUUSD+,PERIOD_M1,4334.35,BUY,0.01,0,0.01,0.06,YES,520208.61,
2026.09.10 15:44:23,ORDER_FILL,XAUUSD+,PERIOD_M1,4334.65,BUY,0.01,0,0.01,0.83,YES,520201.72,
2026.09.10 15:44:23,ORDER_FILL,XAUUSD+,PERIOD_M1,4334.95,BUY,0.01,0,0.01,0.83,YES,520202.02,
2026.09.10 15:44:26,ORDER_FILL,XAUUSD+,PERIOD_M1,4335.25,BUY,0.01,0,0.01,4.24,YES,520179.49,
2026.09.10 15:44:28,ORDER_FILL,XAUUSD+,PERIOD_M1,4335.55,BUY,0.01,0,0.01,4.24,YES,520173.53,
2026.09.10 15:44:30,ORDER_FILL,XAUUSD+,PERIOD_M1,4335.85,BUY,0.01,0,0.01,4.24,YES,520173.76,
2026.09.10 15:45:00,ORDER_FILL,XAUUSD+,PERIOD_M1,0.00,SELL,0.00,0,0.00,0.00,NO,520274.61,
2026.09.10 15:45:00,ORDER_FILL,XAUUSD+,PERIOD_M1,0.00,SELL,0.00,0,0.00,0.00,NO,520274.61,
2026.09.10 15:45:00,ORDER_FILL,XAUUSD+,PERIOD_M1,0.00,SELL,0.00,0,0.00,0.00,NO,520274.61,
2026.09.10 15:45:00,ORDER_FILL,XAUUSD+,PERIOD_M1,0.00,SELL,0.00,0,0.00,0.00,NO,520274.61,
2026.09.10 15:45:40,ORDER_FILL,XAUUSD+,PERIOD_M1,4343.09,BUY,0.01,0,0.01,0.00,YES,520267.05,
2026.09.10 15:45:44,ORDER_FILL,XAUUSD+,PERIOD_M1,4343.39,BUY,0.01,0,0.01,0.43,YES,520252.69,
2026.09.10 15:45:46,ORDER_FILL,XAUUSD+,PERIOD_M1,4343.69,BUY,0.01,0,0.01,0.46,YES,520252.12,
2026.09.10 15:46:56,ORDER_FILL,XAUUSD+,PERIOD_M1,0.00,SELL,0.00,0,0.00,0.00,NO,520274.46,
2026.09.10 15:47:18,ORDER_FILL,XAUUSD+,PERIOD_M1,4342.75,BUY,0.01,0,0.01,0.00,YES,520266.89,
2026.09.10 15:47:23,ORDER_FILL,XAUUSD+,PERIOD_M1,4343.05,BUY,0.01,0,0.01,1.41,YES,520244.99,
2026.09.10 15:47:31,ORDER_FILL,XAUUSD+,PERIOD_M1,0.00,SELL,0.00,0,0.00,0.00,NO,520281.18,
2026.09.10 15:47:31,ORDER_FILL,XAUUSD+,PERIOD_M1,0.00,SELL,0.00,0,0.00,0.00,NO,520281.18,
2026.09.10 15:47:31,ORDER_FILL,XAUUSD+,PERIOD_M1,0.00,SELL,0.00,0,0.00,0.00,YES,520281.18,
2026.09.10 15:48:40,ORDER_FILL,XAUUSD+,PERIOD_M1,0.00,SELL,0.00,0,0.01,-1.10,YES,520264.19,
2026.09.10 15:48:40,ORDER_FILL,XAUUSD+,PERIOD_M1,4338.52,SELL,0.01,0,0.01,-1.10,YES,520264.11,
2026.09.10 15:48:49,ORDER_FILL,XAUUSD+,PERIOD_M1,0.00,SELL,0.00,0,0.00,0.00,NO,520279.07,
2026.09.10 15:49:13,ORDER_FILL,XAUUSD+,PERIOD_M1,0.00,SELL,0.00,0,0.00,0.00,NO,520283.14,
2026.09.10 15:49:13,ORDER_FILL,XAUUSD+,PERIOD_M1,0.00,SELL,0.00,0,0.00,0.00,NO,520283.14,
2026.09.10 15:49:13,ORDER_FILL,XAUUSD+,PERIOD_M1,0.00,SELL,0.00,0,0.00,0.00,NO,520283.14,
2026.09.10 15:49:52,ORDER_FILL,XAUUSD+,PERIOD_M1,4347.24,BUY,0.01,0,0.01,2.69,YES,520263.37,
2026.09.10 15:50:13,ORDER_FILL,XAUUSD+,PERIOD_M1,4347.30,BUY,0.01,0,0.01,2.69,YES,520269.81,
2026.09.10 15:50:13,ORDER_FILL,XAUUSD+,PERIOD_M1,4347.60,BUY,0.01,0,0.01,2.69,YES,520269.81,
2026.09.10 15:53:06,ORDER_FILL,XAUUSD+,PERIOD_M1,4345.76,SELL,0.01,0,0.01,0.00,YES,520284.46,
2026.09.10 15:53:11,ORDER_FILL,XAUUSD+,PERIOD_M1,0.00,SELL,0.00,0,0.00,0.00,NO,520292.42,
2026.09.10 15:53:11,ORDER_FILL,XAUUSD+,PERIOD_M1,0.00,SELL,0.00,0,0.00,0.00,YES,520292.42,
2026.09.10 15:54:24,ORDER_FILL,XAUUSD+,PERIOD_M1,0.00,SELL,0.00,0,0.00,0.00,NO,520290.59,
2026.09.10 15:54:24,ORDER_FILL,XAUUSD+,PERIOD_M1,0.00,SELL,0.00,0,0.00,0.00,NO,520290.59,
2026.09.10 15:54:24,ORDER_FILL,XAUUSD+,PERIOD_M1,0.00,SELL,0.00,0,0.00,0.00,NO,520290.59,
2026.09.10 15:54:40,ORDER_FILL,XAUUSD+,PERIOD_M1,4344.33,SELL,0.01,0,0.01,0.00,YES,520283.10,
2026.09.10 15:55:10,ORDER_FILL,XAUUSD+,PERIOD_M1,0.00,SELL,0.00,0,0.00,0.00,NO,520298.88,
2026.09.10 15:55:11,ORDER_FILL,XAUUSD+,PERIOD_M1,0.00,SELL,0.00,0,0.00,0.00,NO,520298.88,
2026.09.10 15:55:11,ORDER_FILL,XAUUSD+,PERIOD_M1,0.00,SELL,0.00,0,0.00,0.00,NO,520298.88,
2026.09.10 15:55:11,ORDER_FILL,XAUUSD+,PERIOD_M1,0.00,SELL,0.00,0,0.00,0.00,NO,520298.88,
2026.09.10 15:56:18,ORDER_FILL,XAUUSD+,PERIOD_M1,4337.91,SELL,0.01,0,0.01,-3.60,YES,520272.76,
2026.09.10 15:56:57,ORDER_FILL,XAUUSD+,PERIOD_M1,4337.61,SELL,0.01,0,0.01,-3.60,YES,520282.36,
2026.09.10 15:56:57,ORDER_FILL,XAUUSD+,PERIOD_M1,4337.31,SELL,0.01,0,0.01,-3.60,YES,520282.38,
2026.09.10 15:57:56,ORDER_FILL,XAUUSD+,PERIOD_M1,4340.89,BUY,0.01,0,0.01,0.04,YES,520266.72,
2026.09.10 15:57:56,ORDER_FILL,XAUUSD+,PERIOD_M1,4341.19,BUY,0.01,0,0.01,0.04,YES,520265.60,
2026.09.10 15:57:57,ORDER_FILL,XAUUSD+,PERIOD_M1,4341.49,BUY,0.01,0,0.01,0.04,YES,520265.56,
2026.09.10 15:57:57,ORDER_FILL,XAUUSD+,PERIOD_M1,4341.79,BUY,0.01,0,0.01,0.04,YES,520265.78,
2026.09.10 15:58:20,ORDER_FILL,XAUUSD+,PERIOD_M1,0.00,SELL,0.00,0,0.00,0.00,NO,520303.25,
2026.09.10 15:58:21,ORDER_FILL,XAUUSD+,PERIOD_M1,0.00,SELL,0.00,0,0.00,0.00,NO,520303.25,
2026.09.10 15:58:21,ORDER_FILL,XAUUSD+,PERIOD_M1,0.00,SELL,0.00,0,0.00,0.00,NO,520303.25,
2026.09.10 15:58:21,ORDER_FILL,XAUUSD+,PERIOD_M1,0.00,SELL,0.00,0,0.00,0.00,NO,520303.25,
2026.09.10 15:58:35,ORDER_FILL,XAUUSD+,PERIOD_M1,4342.24,BUY,0.01,0,0.01,0.00,YES,520295.58,
2026.09.10 16:01:14,ORDER_FILL,XAUUSD+,PERIOD_M1,0.00,SELL,0.00,0,0.00,0.00,NO,520315.40,
2026.09.10 16:01:14,ORDER_FILL,XAUUSD+,PERIOD_M1,0.00,SELL,0.00,0,0.00,0.00,NO,520315.40,
2026.09.10 16:01:14,ORDER_FILL,XAUUSD+,PERIOD_M1,0.00,SELL,0.00,0,0.00,0.00,NO,520315.40,
2026.09.10 16:02:27,ORDER_FILL,XAUUSD+,PERIOD_M1,4352.27,BUY,0.01,0,0.01,0.00,YES,520307.80,
2026.09.10 16:02:28,ORDER_FILL,XAUUSD+,PERIOD_M1,4352.57,BUY,0.01,0,0.01,0.15,YES,520300.56,
2026.09.10 16:02:35,ORDER_FILL,XAUUSD+,PERIOD_M1,0.00,SELL,0.00,0,0.00,0.00,NO,520314.89,
2026.09.10 16:05:02,ORDER_FILL,XAUUSD+,PERIOD_M1,0.00,SELL,0.00,0,0.01,-2.64,YES,520302.69,
2026.09.10 16:05:02,ORDER_FILL,XAUUSD+,PERIOD_M1,4354.41,BUY,0.01,0,0.01,-2.64,YES,520302.63,
2026.09.10 16:05:23,ORDER_FILL,XAUUSD+,PERIOD_M1,0.00,SELL,0.00,0,0.01,-0.40,YES,520300.72,
2026.09.10 16:05:23,ORDER_FILL,XAUUSD+,PERIOD_M1,4350.33,SELL,0.01,0,0.01,-0.40,YES,520300.75,
2026.09.10 16:05:43,ORDER_FILL,XAUUSD+,PERIOD_M1,0.00,SELL,0.00,0,0.00,0.00,YES,520308.28,
2026.09.10 16:06:03,ORDER_FILL,XAUUSD+,PERIOD_M1,4348.42,SELL,0.01,0,0.01,-0.11,YES,520300.65,
2026.09.10 16:06:05,ORDER_FILL,XAUUSD+,PERIOD_M1,0.00,SELL,0.00,0,0.00,0.00,NO,520307.42,
2026.09.10 16:07:44,ORDER_FILL,XAUUSD+,PERIOD_M1,4349.72,BUY,0.01,0,0.01,-5.64,YES,520279.29,
2026.09.10 16:08:28,ORDER_FILL,XAUUSD+,PERIOD_M1,4350.02,BUY,0.01,0,0.01,-5.64,YES,520287.43,
2026.09.10 16:08:28,ORDER_FILL,XAUUSD+,PERIOD_M1,4350.32,BUY,0.01,0,0.01,-5.64,YES,520286.65,
2026.09.10 16:09:13,ORDER_FILL,XAUUSD+,PERIOD_M1,0.00,SELL,0.00,0,0.00,0.00,YES,520305.21,
2026.09.10 16:09:13,ORDER_FILL,XAUUSD+,PERIOD_M1,0.00,SELL,0.00,0,0.00,0.00,YES,520305.21,
2026.09.10 16:09:13,ORDER_FILL,XAUUSD+,PERIOD_M1,0.00,SELL,0.00,0,0.00,0.00,YES,520305.21,
2026.09.10 16:10:06,ORDER_FILL,XAUUSD+,PERIOD_M1,4347.34,SELL,0.01,0,0.01,0.00,YES,520297.61,
2026.09.10 16:11:56,ORDER_FILL,XAUUSD+,PERIOD_M1,4346.85,SELL,0.01,0,0.01,0.00,YES,520296.34,
2026.09.10 16:11:57,ORDER_FILL,XAUUSD+,PERIOD_M1,4346.55,SELL,0.01,0,0.01,0.07,YES,520289.09,
2026.09.10 16:12:02,ORDER_FILL,XAUUSD+,PERIOD_M1,4346.36,SELL,0.01,0,0.01,0.00,YES,520296.51,
2026.09.10 16:12:20,ORDER_FILL,XAUUSD+,PERIOD_M1,4346.36,SELL,0.01,0,0.01,0.00,YES,520295.26,
2026.09.10 16:12:57,ORDER_FILL,XAUUSD+,PERIOD_M1,0.00,SELL,0.00,0,0.00,0.00,NO,520304.81,
2026.09.10 16:13:35,ORDER_FILL,XAUUSD+,PERIOD_M1,0.00,SELL,0.00,0,0.00,0.00,NO,520304.81,
2026.09.10 16:13:35,ORDER_FILL,XAUUSD+,PERIOD_M1,0.00,SELL,0.00,0,0.00,0.00,NO,520304.81,
2026.09.10 16:14:56,ORDER_FILL,XAUUSD+,PERIOD_M1,0.00,SELL,0.00,0,0.01,0.00,YES,520280.83,
2026.09.10 16:14:58,ORDER_FILL,XAUUSD+,PERIOD_M1,0.00,SELL,0.00,0,0.00,0.00,YES,520303.44,
2026.09.10 16:14:58,ORDER_FILL,XAUUSD+,PERIOD_M1,0.00,SELL,0.00,0,0.00,0.00,YES,520303.44,
2026.09.10 16:14:58,ORDER_FILL,XAUUSD+,PERIOD_M1,0.00,SELL,0.00,0,0.00,0.00,YES,520303.44,
2026.09.10 16:16:48,ORDER_FILL,XAUUSD+,PERIOD_M1,0.00,SELL,0.00,0,0.00,0.00,NO,520302.71,
2026.09.10 16:16:48,ORDER_FILL,XAUUSD+,PERIOD_M1,0.00,SELL,0.00,0,0.00,0.00,NO,520302.71,
2026.09.10 16:16:48,ORDER_FILL,XAUUSD+,PERIOD_M1,0.00,SELL,0.00,0,0.00,0.00,NO,520302.71,
2026.09.10 16:18:04,ORDER_FILL,XAUUSD+,PERIOD_M1,4345.51,BUY,0.01,0,0.01,0.00,YES,520295.21,
2026.09.10 16:18:07,ORDER_FILL,XAUUSD+,PERIOD_M1,0.00,SELL,0.00,0,0.00,0.00,NO,520295.16,
2026.09.10 16:18:10,ORDER_FILL,XAUUSD+,PERIOD_M1,0.00,SELL,0.00,0,0.00,0.00,NO,520302.35,
2026.09.10 16:18:18,ORDER_FILL,XAUUSD+,PERIOD_M1,4345.76,BUY,0.01,0,0.01,0.00,YES,520294.70,
2026.09.10 16:18:18,ORDER_FILL,XAUUSD+,PERIOD_M1,4345.81,BUY,0.01,0,0.01,-0.22,YES,520287.08,
2026.09.10 16:18:19,ORDER_FILL,XAUUSD+,PERIOD_M1,4346.11,BUY,0.01,0,0.01,0.50,YES,520272.97,
2026.09.10 16:18:19,ORDER_FILL,XAUUSD+,PERIOD_M1,4346.41,BUY,0.01,0,0.01,0.86,YES,520273.12,
2026.09.10 16:18:24,ORDER_FILL,XAUUSD+,PERIOD_M1,0.00,SELL,0.00,0,0.00,0.00,NO,520299.91,
2026.09.10 16:18:24,ORDER_FILL,XAUUSD+,PERIOD_M1,0.00,SELL,0.00,0,0.00,0.00,NO,520299.91,
2026.09.10 16:18:24,ORDER_FILL,XAUUSD+,PERIOD_M1,0.00,SELL,0.00,0,0.00,0.00,NO,520299.91,
2026.09.10 16:18:28,ORDER_FILL,XAUUSD+,PERIOD_M1,4345.51,BUY,0.01,0,0.01,0.00,YES,520292.34,
2026.09.10 16:18:32,ORDER_FILL,XAUUSD+,PERIOD_M1,4345.81,BUY,0.01,0,0.01,0.20,YES,520277.60,
2026.09.10 16:18:34,ORDER_FILL,XAUUSD+,PERIOD_M1,0.00,SELL,0.00,0,0.00,0.00,NO,520299.99,
2026.09.10 16:19:04,ORDER_FILL,XAUUSD+,PERIOD_M1,4344.74,SELL,0.01,0,0.01,0.00,YES,520292.46,
2026.09.10 16:19:10,ORDER_FILL,XAUUSD+,PERIOD_M1,4347.73,BUY,0.01,0,0.01,0.00,YES,520291.07,
2026.09.10 16:19:11,ORDER_FILL,XAUUSD+,PERIOD_M1,4348.03,BUY,0.01,0,0.01,0.20,YES,520276.47,
2026.09.10 16:19:11,ORDER_FILL,XAUUSD+,PERIOD_M1,4348.33,BUY,0.01,0,0.01,0.26,YES,520276.40,
2026.09.10 16:19:37,ORDER_FILL,XAUUSD+,PERIOD_M1,4347.73,BUY,0.01,0,0.01,0.00,YES,520290.17,
2026.09.10 16:19:38,ORDER_FILL,XAUUSD+,PERIOD_M1,4348.03,BUY,0.01,0,0.01,0.30,YES,520283.10,
2026.09.10 16:19:40,ORDER_FILL,XAUUSD+,PERIOD_M1,4348.33,BUY,0.01,0,0.01,0.46,YES,520275.55,
2026.09.10 16:19:42,ORDER_FILL,XAUUSD+,PERIOD_M1,4348.63,BUY,0.01,0,0.01,2.07,YES,520262.22,
2026.09.10 16:19:42,ORDER_FILL,XAUUSD+,PERIOD_M1,4348.93,BUY,0.01,0,0.01,2.07,YES,520261.65,
2026.09.10 16:19:45,ORDER_FILL,XAUUSD+,PERIOD_M1,4349.23,BUY,0.01,0,0.01,2.12,YES,520255.32,
2026.09.10 16:19:58,ORDER_FILL,XAUUSD+,PERIOD_M1,4347.73,BUY,0.01,0,0.01,0.00,YES,520290.13,
2026.09.10 16:19:59,ORDER_FILL,XAUUSD+,PERIOD_M1,4348.03,BUY,0.01,0,0.01,0.90,YES,520277.54,
2026.09.10 16:19:59,ORDER_FILL,XAUUSD+,PERIOD_M1,4348.33,BUY,0.01,0,0.01,0.90,YES,520277.86,
2026.09.10 16:20:08,ORDER_FILL,XAUUSD+,PERIOD_M1,0.00,SELL,0.00,0,0.00,0.00,NO,520309.21,
2026.09.10 16:21:02,ORDER_FILL,XAUUSD+,PERIOD_M1,4352.64,BUY,0.01,0,0.01,0.18,YES,520288.08,
2026.09.10 16:21:04,ORDER_FILL,XAUUSD+,PERIOD_M1,4352.94,BUY,0.01,0,0.01,0.18,YES,520292.28,
2026.09.10 16:21:09,ORDER_FILL,XAUUSD+,PERIOD_M1,0.00,SELL,0.00,0,0.00,0.00,NO,520315.81,
2026.09.10 16:21:24,ORDER_FILL,XAUUSD+,PERIOD_M1,4352.65,BUY,0.01,0,0.01,0.00,YES,520308.33,
2026.09.10 16:21:24,ORDER_FILL,XAUUSD+,PERIOD_M1,4352.94,BUY,0.01,0,0.01,0.00,YES,520300.77,
2026.09.10 16:21:25,ORDER_FILL,XAUUSD+,PERIOD_M1,4353.24,BUY,0.01,0,0.01,0.89,YES,520280.16,
2026.09.10 16:24:37,ORDER_FILL,XAUUSD+,PERIOD_M1,0.00,SELL,0.00,0,0.00,0.00,NO,520320.13,
2026.09.10 16:24:55,ORDER_FILL,XAUUSD+,PERIOD_M1,0.00,SELL,0.00,0,0.00,0.00,NO,520320.13,
2026.09.10 16:24:55,ORDER_FILL,XAUUSD+,PERIOD_M1,0.00,SELL,0.00,0,0.00,0.00,NO,520320.13,
2026.09.10 16:24:55,ORDER_FILL,XAUUSD+,PERIOD_M1,0.00,SELL,0.00,0,0.00,0.00,NO,520320.13,
2026.09.10 16:25:36,ORDER_FILL,XAUUSD+,PERIOD_M1,4349.45,SELL,0.01,0,0.01,0.00,YES,520312.55,
2026.09.10 16:25:58,ORDER_FILL,XAUUSD+,PERIOD_M1,0.00,SELL,0.00,0,0.00,0.00,NO,520321.13,
2026.09.10 16:25:58,ORDER_FILL,XAUUSD+,PERIOD_M1,0.00,SELL,0.00,0,0.00,0.00,NO,520321.13,
2026.09.10 16:25:58,ORDER_FILL,XAUUSD+,PERIOD_M1,0.00,SELL,0.00,0,0.00,0.00,NO,520321.13,
2026.09.10 16:25:58,ORDER_FILL,XAUUSD+,PERIOD_M1,0.00,SELL,0.00,0,0.00,0.00,NO,520321.13,
2026.09.10 16:26:25,ORDER_FILL,XAUUSD+,PERIOD_M1,0.00,SELL,0.00,0,0.00,0.00,NO,520324.60,
2026.09.10 16:26:43,ORDER_FILL,XAUUSD+,PERIOD_M1,0.00,SELL,0.00,0,0.00,0.00,NO,520324.60,
2026.09.10 16:26:43,ORDER_FILL,XAUUSD+,PERIOD_M1,0.00,SELL,0.00,0,0.00,0.00,NO,520324.60,
2026.09.10 16:27:57,ORDER_FILL,XAUUSD+,PERIOD_M1,4349.51,BUY,0.01,0,0.01,9.12,YES,520311.45,
2026.09.10 16:27:57,ORDER_FILL,XAUUSD+,PERIOD_M1,4349.81,BUY,0.01,0,0.01,9.12,YES,520311.16,
2026.09.10 16:28:57,ORDER_FILL,XAUUSD+,PERIOD_M1,0.00,SELL,0.00,0,0.00,0.00,NO,520334.73,
2026.09.10 16:28:57,ORDER_FILL,XAUUSD+,PERIOD_M1,0.00,SELL,0.00,0,0.00,0.00,YES,520334.73,
2026.09.10 16:31:38,ORDER_FILL,XAUUSD+,PERIOD_M1,0.00,SELL,0.00,0,0.00,0.00,NO,520327.72,
2026.09.10 16:31:38,ORDER_FILL,XAUUSD+,PERIOD_M1,0.00,SELL,0.00,0,0.00,0.00,NO,520327.62,
2026.09.10 16:31:38,ORDER_FILL,XAUUSD+,PERIOD_M1,4355.44,SELL,0.01,0,0.00,0.00,NO,520327.66,
2026.09.10 16:33:49,ORDER_FILL,XAUUSD+,PERIOD_M1,0.00,SELL,0.00,0,0.00,0.00,NO,520340.90,
2026.09.10 16:33:49,ORDER_FILL,XAUUSD+,PERIOD_M1,0.00,SELL,0.00,0,0.00,0.00,NO,520340.90,
2026.09.10 16:34:29,ORDER_FILL,XAUUSD+,PERIOD_M1,4367.73,BUY,0.01,0,0.01,-0.12,YES,520318.11,
2026.09.10 16:34:30,ORDER_FILL,XAUUSD+,PERIOD_M1,4368.03,BUY,0.01,0,0.01,-0.12,YES,520318.20,
2026.09.10 16:34:30,ORDER_FILL,XAUUSD+,PERIOD_M1,4368.33,BUY,0.01,0,0.01,-0.12,YES,520318.13,
2026.09.10 16:35:21,ORDER_FILL,XAUUSD+,PERIOD_M1,4363.56,SELL,0.01,0,0.01,0.00,YES,520329.54,
2026.09.10 16:36:21,ORDER_FILL,XAUUSD+,PERIOD_M1,0.00,SELL,0.00,0,0.00,0.00,NO,520346.36,
2026.09.10 16:36:21,ORDER_FILL,XAUUSD+,PERIOD_M1,0.00,SELL,0.00,0,0.00,0.00,NO,520346.36,
2026.09.10 16:36:21,ORDER_FILL,XAUUSD+,PERIOD_M1,0.00,SELL,0.00,0,0.00,0.00,NO,520346.36,
2026.09.10 16:36:21,ORDER_FILL,XAUUSD+,PERIOD_M1,0.00,SELL,0.00,0,0.00,0.00,NO,520346.36,
2026.09.10 16:37:22,ORDER_FILL,XAUUSD+,PERIOD_M1,0.00,SELL,0.00,0,0.01,0.00,YES,520326.38,
2026.09.10 16:37:47,ORDER_FILL,XAUUSD+,PERIOD_M1,4364.06,BUY,0.01,0,0.01,0.00,YES,520333.92,
2026.09.10 16:37:50,ORDER_FILL,XAUUSD+,PERIOD_M1,4364.36,BUY,0.01,0,0.01,0.43,YES,520313.15,
2026.09.10 16:37:56,ORDER_FILL,XAUUSD+,PERIOD_M1,0.00,SELL,0.00,0,0.00,0.00,NO,520340.94,
2026.09.10 16:37:56,ORDER_FILL,XAUUSD+,PERIOD_M1,0.00,SELL,0.00,0,0.00,0.00,NO,520340.94,
2026.09.10 16:37:56,ORDER_FILL,XAUUSD+,PERIOD_M1,0.00,SELL,0.00,0,0.00,0.00,NO,520340.94,
2026.09.10 16:41:35,ORDER_FILL,XAUUSD+,PERIOD_M1,0.00,SELL,0.00,0,0.01,-3.64,YES,520318.26,
2026.09.10 16:44:21,ORDER_FILL,XAUUSD+,PERIOD_M1,0.00,SELL,0.00,0,0.00,0.00,NO,520331.80,
2026.09.10 16:44:21,ORDER_FILL,XAUUSD+,PERIOD_M1,0.00,SELL,0.00,0,0.00,0.00,NO,520331.80,
2026.09.10 16:44:21,ORDER_FILL,XAUUSD+,PERIOD_M1,0.00,SELL,0.00,0,0.00,0.00,NO,520331.80,
2026.09.10 16:44:25,ORDER_FILL,XAUUSD+,PERIOD_M1,4365.74,SELL,0.01,0,0.01,-0.24,YES,520324.01,
2026.09.10 16:44:33,ORDER_FILL,XAUUSD+,PERIOD_M1,4365.74,SELL,0.01,0,0.01,0.03,YES,520324.29,
2026.09.10 16:44:34,ORDER_FILL,XAUUSD+,PERIOD_M1,4365.44,SELL,0.01,0,0.01,0.12,YES,520316.92,
2026.09.10 16:44:41,ORDER_FILL,XAUUSD+,PERIOD_M1,4365.74,SELL,0.01,0,0.01,0.00,YES,520323.81,
2026.09.10 16:44:43,ORDER_FILL,XAUUSD+,PERIOD_M1,4365.44,SELL,0.01,0,0.01,0.16,YES,520316.45,
2026.09.10 16:46:42,ORDER_FILL,XAUUSD+,PERIOD_M1,0.00,SELL,0.00,0,0.00,0.00,YES,520314.84,
2026.09.10 16:46:42,ORDER_FILL,XAUUSD+,PERIOD_M1,4367.94,BUY,0.01,0,0.00,0.00,YES,520315.18,
2026.09.10 16:46:43,ORDER_FILL,XAUUSD+,PERIOD_M1,4368.24,BUY,0.01,0,0.00,0.00,YES,520314.18,
2026.09.10 16:47:41,ORDER_FILL,XAUUSD+,PERIOD_M1,0.00,SELL,0.00,0,0.00,0.00,NO,520332.13,
2026.09.10 16:47:59,ORDER_FILL,XAUUSD+,PERIOD_M1,0.00,SELL,0.00,0,0.00,0.00,NO,520332.13,
2026.09.10 16:47:59,ORDER_FILL,XAUUSD+,PERIOD_M1,0.00,SELL,0.00,0,0.00,0.00,NO,520332.13,
2026.09.10 16:48:03,ORDER_FILL,XAUUSD+,PERIOD_M1,4372.47,BUY,0.01,0,0.01,0.00,YES,520324.46,
2026.09.10 16:48:33,ORDER_FILL,XAUUSD+,PERIOD_M1,0.00,SELL,0.00,0,0.00,0.00,NO,520324.72,
2026.09.10 16:50:13,ORDER_FILL,XAUUSD+,PERIOD_M1,4371.70,SELL,0.01,0,0.01,0.00,YES,520317.11,
2026.09.10 16:50:14,ORDER_FILL,XAUUSD+,PERIOD_M1,4371.40,SELL,0.01,0,0.01,0.05,YES,520309.66,
2026.09.10 16:50:19,ORDER_FILL,XAUUSD+,PERIOD_M1,4371.10,SELL,0.01,0,0.01,2.15,YES,520288.91,
2026.09.10 16:50:19,ORDER_FILL,XAUUSD+,PERIOD_M1,4370.80,SELL,0.01,0,0.01,2.15,YES,520288.71,
2026.09.10 16:50:19,ORDER_FILL,XAUUSD+,PERIOD_M1,4370.50,SELL,0.01,0,0.01,2.15,YES,520288.71,
2026.09.10 16:51:04,ORDER_FILL,XAUUSD+,PERIOD_M1,0.00,SELL,0.00,0,0.00,0.00,NO,520326.30,
2026.09.10 16:51:04,ORDER_FILL,XAUUSD+,PERIOD_M1,0.00,SELL,0.00,0,0.00,0.00,NO,520326.30,
2026.09.10 16:51:49,ORDER_FILL,XAUUSD+,PERIOD_M1,4365.95,SELL,0.01,0,0.01,-0.42,YES,520303.24,
2026.09.10 16:51:50,ORDER_FILL,XAUUSD+,PERIOD_M1,4365.65,SELL,0.01,0,0.01,-0.42,YES,520303.33,
2026.09.10 16:51:50,ORDER_FILL,XAUUSD+,PERIOD_M1,4365.35,SELL,0.01,0,0.01,-0.42,YES,520303.35,
2026.09.10 16:52:12,ORDER_FILL,XAUUSD+,PERIOD_M1,0.00,SELL,0.00,0,0.00,0.00,NO,520333.67,
2026.09.10 16:52:31,ORDER_FILL,XAUUSD+,PERIOD_M1,0.00,SELL,0.00,0,0.00,0.00,NO,520333.67,
2026.09.10 16:52:31,ORDER_FILL,XAUUSD+,PERIOD_M1,0.00,SELL,0.00,0,0.00,0.00,NO,520333.67,
2026.09.10 16:52:31,ORDER_FILL,XAUUSD+,PERIOD_M1,0.00,SELL,0.00,0,0.00,0.00,NO,520333.67,
2026.09.10 16:52:57,ORDER_FILL,XAUUSD+,PERIOD_M1,0.00,SELL,0.00,0,0.00,0.00,NO,520347.77,
2026.09.10 16:52:58,ORDER_FILL,XAUUSD+,PERIOD_M1,0.00,SELL,0.00,0,0.00,0.00,NO,520347.77,
2026.09.10 16:52:58,ORDER_FILL,XAUUSD+,PERIOD_M1,0.00,SELL,0.00,0,0.00,0.00,NO,520347.77,
2026.09.10 16:53:23,ORDER_FILL,XAUUSD+,PERIOD_M1,4373.70,BUY,0.01,0,0.01,-0.15,YES,520340.01,
2026.09.10 16:53:43,ORDER_FILL,XAUUSD+,PERIOD_M1,4374.00,BUY,0.01,0,0.01,-5.20,YES,520312.40,
2026.09.10 16:53:44,ORDER_FILL,XAUUSD+,PERIOD_M1,4374.30,BUY,0.01,0,0.01,-5.20,YES,520311.13,
2026.09.10 16:53:44,ORDER_FILL,XAUUSD+,PERIOD_M1,4374.60,BUY,0.01,0,0.01,-5.20,YES,520318.87,
2026.09.10 16:54:11,ORDER_FILL,XAUUSD+,PERIOD_M1,4371.51,SELL,0.01,0,0.01,0.00,YES,520334.89,
2026.09.10 16:54:34,ORDER_FILL,XAUUSD+,PERIOD_M1,4371.21,SELL,0.01,0,0.01,0.00,YES,520312.39,
2026.09.10 16:54:34,ORDER_FILL,XAUUSD+,PERIOD_M1,4370.91,SELL,0.01,0,0.01,0.00,YES,520312.97,
2026.09.10 16:54:34,ORDER_FILL,XAUUSD+,PERIOD_M1,4370.61,SELL,0.01,0,0.01,0.00,YES,520313.42,
2026.09.10 16:55:21,ORDER_FILL,XAUUSD+,PERIOD_M1,4367.11,SELL,0.01,0,0.01,0.00,YES,520335.09,
2026.09.10 16:55:23,ORDER_FILL,XAUUSD+,PERIOD_M1,0.00,SELL,0.00,0,0.00,0.00,NO,520341.05,
2026.09.10 16:55:30,ORDER_FILL,XAUUSD+,PERIOD_M1,4367.11,SELL,0.01,0,0.01,0.00,YES,520333.40,
2026.09.10 16:55:33,ORDER_FILL,XAUUSD+,PERIOD_M1,4366.81,SELL,0.01,0,0.01,0.12,YES,520325.96,
2026.09.10 16:59:25,ORDER_FILL,XAUUSD+,PERIOD_M1,4366.81,SELL,0.01,0,0.01,-1.29,YES,520313.85,
2026.09.10 16:59:25,ORDER_FILL,XAUUSD+,PERIOD_M1,4366.51,SELL,0.01,0,0.01,-1.29,YES,520313.85,
2026.09.10 16:59:25,ORDER_FILL,XAUUSD+,PERIOD_M1,4366.21,SELL,0.01,0,0.01,-1.29,YES,520313.85,
2026.09.10 16:59:25,ORDER_FILL,XAUUSD+,PERIOD_M1,4366.21,SELL,0.01,0,0.01,-2.61,YES,520313.91,
2026.09.10 17:00:04,ORDER_FILL,XAUUSD+,PERIOD_M1,0.00,SELL,0.00,0,0.00,0.00,NO,520335.68,
2026.09.10 17:00:04,ORDER_FILL,XAUUSD+,PERIOD_M1,0.00,SELL,0.00,0,0.00,0.00,NO,520335.68,
2026.09.10 17:00:04,ORDER_FILL,XAUUSD+,PERIOD_M1,0.00,SELL,0.00,0,0.00,0.00,NO,520335.68,
2026.09.10 17:00:04,ORDER_FILL,XAUUSD+,PERIOD_M1,0.00,SELL,0.00,0,0.00,0.00,NO,520335.68,
2026.09.10 17:01:02,ORDER_FILL,XAUUSD+,PERIOD_M1,0.00,SELL,0.00,0,0.00,0.00,NO,520334.93,
2026.09.10 17:01:02,ORDER_FILL,XAUUSD+,PERIOD_M1,0.00,SELL,0.00,0,0.00,0.00,NO,520334.93,
2026.09.10 17:01:22,ORDER_FILL,XAUUSD+,PERIOD_M1,4371.83,BUY,0.01,0,0.01,-0.81,YES,520326.56,
2026.09.10 17:02:22,ORDER_FILL,XAUUSD+,PERIOD_M1,0.00,SELL,0.00,0,0.00,0.00,NO,520338.86,
2026.09.10 17:03:26,ORDER_FILL,XAUUSD+,PERIOD_M1,4371.75,SELL,0.01,0,0.01,-1.14,YES,520315.05,
2026.09.10 17:03:26,ORDER_FILL,XAUUSD+,PERIOD_M1,4371.45,SELL,0.01,0,0.01,-1.14,YES,520315.08,
2026.09.10 17:03:27,ORDER_FILL,XAUUSD+,PERIOD_M1,4371.15,SELL,0.01,0,0.01,-1.14,YES,520314.36,
2026.09.10 17:03:56,ORDER_FILL,XAUUSD+,PERIOD_M1,4370.85,SELL,0.01,0,0.01,-0.43,YES,520285.86,
2026.09.10 17:03:56,ORDER_FILL,XAUUSD+,PERIOD_M1,4370.55,SELL,0.01,0,0.01,-0.43,YES,520284.29,
2026.09.10 17:03:56,ORDER_FILL,XAUUSD+,PERIOD_M1,4370.25,SELL,0.01,0,0.01,-0.43,YES,520284.05,
2026.09.10 17:03:56,ORDER_FILL,XAUUSD+,PERIOD_M1,4369.95,SELL,0.01,0,0.01,-0.43,YES,520283.75,
2026.09.10 17:04:22,ORDER_FILL,XAUUSD+,PERIOD_M1,0.00,SELL,0.00,0,0.00,0.00,NO,520349.37,
2026.09.10 17:04:39,ORDER_FILL,XAUUSD+,PERIOD_M1,0.00,SELL,0.00,0,0.00,0.00,NO,520349.37,
2026.09.10 17:04:39,ORDER_FILL,XAUUSD+,PERIOD_M1,0.00,SELL,0.00,0,0.00,0.00,NO,520349.37,
2026.09.10 17:04:39,ORDER_FILL,XAUUSD+,PERIOD_M1,0.00,SELL,0.00,0,0.00,0.00,NO,520349.37,
2026.09.10 17:06:29,ORDER_FILL,XAUUSD+,PERIOD_M1,0.00,SELL,0.00,0,0.00,0.00,NO,520344.18,
2026.09.10 17:06:30,ORDER_FILL,XAUUSD+,PERIOD_M1,0.00,SELL,0.00,0,0.00,0.00,NO,520351.67,
2026.09.10 17:06:30,ORDER_FILL,XAUUSD+,PERIOD_M1,0.00,SELL,0.00,0,0.00,0.00,NO,520351.67,
2026.09.10 17:06:30,ORDER_FILL,XAUUSD+,PERIOD_M1,0.00,SELL,0.00,0,0.00,0.00,NO,520351.67,
2026.09.10 17:06:30,ORDER_FILL,XAUUSD+,PERIOD_M1,0.00,SELL,0.00,0,0.00,0.00,NO,520351.67,
2026.09.10 17:08:50,ORDER_FILL,XAUUSD+,PERIOD_M1,4364.10,SELL,0.01,0,0.01,-0.39,YES,520331.06,
2026.09.10 17:08:50,ORDER_FILL,XAUUSD+,PERIOD_M1,4363.80,SELL,0.01,0,0.01,-0.39,YES,520331.17,
2026.09.10 17:08:50,ORDER_FILL,XAUUSD+,PERIOD_M1,4363.50,SELL,0.01,0,0.01,-0.39,YES,520331.35,
2026.09.10 17:09:15,ORDER_FILL,XAUUSD+,PERIOD_M1,4362.03,SELL,0.01,0,0.01,-0.32,YES,520345.35,
2026.09.10 17:10:14,ORDER_FILL,XAUUSD+,PERIOD_M1,0.00,SELL,0.00,0,0.00,0.00,NO,520353.16,
2026.09.10 17:10:34,ORDER_FILL,XAUUSD+,PERIOD_M1,0.00,SELL,0.00,0,0.00,0.00,NO,520353.16,
2026.09.10 17:10:34,ORDER_FILL,XAUUSD+,PERIOD_M1,0.00,SELL,0.00,0,0.00,0.00,NO,520353.16,
2026.09.10 17:10:40,ORDER_FILL,XAUUSD+,PERIOD_M1,4365.35,BUY,0.01,0,0.01,0.00,YES,520345.66,
2026.09.10 17:10:42,ORDER_FILL,XAUUSD+,PERIOD_M1,0.00,SELL,0.00,0,0.00,0.00,NO,520352.58,
2026.09.10 17:11:04,ORDER_FILL,XAUUSD+,PERIOD_M1,0.00,SELL,0.00,0,0.00,0.00,NO,520352.44,
2026.09.10 17:11:41,ORDER_FILL,XAUUSD+,PERIOD_M1,4365.64,BUY,0.01,0,0.01,0.00,YES,520344.87,
2026.09.10 17:11:41,ORDER_FILL,XAUUSD+,PERIOD_M1,4365.94,BUY,0.01,0,0.01,0.24,YES,520330.24,
2026.09.10 17:11:43,ORDER_FILL,XAUUSD+,PERIOD_M1,4366.24,BUY,0.01,0,0.01,0.59,YES,520322.81,
2026.09.10 17:11:46,ORDER_FILL,XAUUSD+,PERIOD_M1,4366.54,BUY,0.01,0,0.01,0.59,YES,520316.17,
2026.09.10 17:12:08,ORDER_FILL,XAUUSD+,PERIOD_M1,0.00,SELL,0.00,0,0.00,0.00,NO,520354.59,
2026.09.10 17:13:09,ORDER_FILL,XAUUSD+,PERIOD_M1,4362.11,SELL,0.01,0,0.01,-0.87,YES,520330.95,
2026.09.10 17:13:10,ORDER_FILL,XAUUSD+,PERIOD_M1,4361.81,SELL,0.01,0,0.01,-0.87,YES,520331.15,
2026.09.10 17:13:10,ORDER_FILL,XAUUSD+,PERIOD_M1,4361.51,SELL,0.01,0,0.01,-0.87,YES,520331.26,
2026.09.10 17:14:22,ORDER_FILL,XAUUSD+,PERIOD_M1,4360.08,SELL,0.01,0,0.01,-1.14,YES,520331.85,
2026.09.10 17:14:22,ORDER_FILL,XAUUSD+,PERIOD_M1,4359.78,SELL,0.01,0,0.01,-1.14,YES,520331.85,
2026.09.10 17:14:22,ORDER_FILL,XAUUSD+,PERIOD_M1,4359.48,SELL,0.01,0,0.01,-1.14,YES,520331.85,
2026.09.10 17:14:51,ORDER_FILL,XAUUSD+,PERIOD_M1,4360.08,SELL,0.01,0,0.01,0.00,YES,520343.18,
2026.09.10 17:14:53,ORDER_FILL,XAUUSD+,PERIOD_M1,0.00,SELL,0.00,0,0.00,0.00,NO,520350.49,
2026.09.10 17:15:03,ORDER_FILL,XAUUSD+,PERIOD_M1,4359.23,SELL,0.01,0,0.01,0.00,YES,520342.83,
2026.09.10 17:15:52,ORDER_FILL,XAUUSD+,PERIOD_M1,4361.60,BUY,0.01,0,0.01,0.00,YES,520341.67,
2026.09.10 17:15:55,ORDER_FILL,XAUUSD+,PERIOD_M1,4361.90,BUY,0.01,0,0.01,0.02,YES,520334.08,
2026.09.10 17:16:08,ORDER_FILL,XAUUSD+,PERIOD_M1,4359.10,SELL,0.01,0,0.01,0.00,YES,520341.58,
2026.09.10 17:16:31,ORDER_FILL,XAUUSD+,PERIOD_M1,4359.02,SELL,0.01,0,0.01,0.00,YES,520341.43,
2026.09.10 17:16:31,ORDER_FILL,XAUUSD+,PERIOD_M1,4358.80,SELL,0.01,0,0.01,-0.11,YES,520333.77,
2026.09.10 17:16:40,ORDER_FILL,XAUUSD+,PERIOD_M1,4359.10,SELL,0.01,0,0.01,0.00,YES,520341.26,
2026.09.10 17:16:40,ORDER_FILL,XAUUSD+,PERIOD_M1,4358.80,SELL,0.01,0,0.01,0.01,YES,520333.75,
2026.09.10 17:16:43,ORDER_FILL,XAUUSD+,PERIOD_M1,0.00,SELL,0.00,0,0.00,0.00,NO,520349.14,
2026.09.10 17:17:08,ORDER_FILL,XAUUSD+,PERIOD_M1,4358.09,SELL,0.01,0,0.01,0.00,YES,520341.48,
2026.09.10 17:17:15,ORDER_FILL,XAUUSD+,PERIOD_M1,0.00,SELL,0.00,0,0.00,0.00,NO,520350.17,
2026.09.10 17:17:15,ORDER_FILL,XAUUSD+,PERIOD_M1,0.00,SELL,0.00,0,0.00,0.00,NO,520350.17,
2026.09.10 17:17:15,ORDER_FILL,XAUUSD+,PERIOD_M1,0.00,SELL,0.00,0,0.00,0.00,NO,520350.17,
2026.09.10 17:17:15,ORDER_FILL,XAUUSD+,PERIOD_M1,0.00,SELL,0.00,0,0.00,0.00,NO,520350.17,
2026.09.10 17:18:58,ORDER_FILL,XAUUSD+,PERIOD_M1,4360.20,BUY,0.01,0,0.01,-0.27,YES,520342.36,
2026.09.10 17:19:28,ORDER_FILL,XAUUSD+,PERIOD_M1,0.00,SELL,0.00,0,0.00,0.00,NO,520342.31,
2026.09.10 17:19:39,ORDER_FILL,XAUUSD+,PERIOD_M1,0.00,SELL,0.00,0,0.00,0.00,NO,520342.39,
2026.09.10 17:19:40,ORDER_FILL,XAUUSD+,PERIOD_M1,0.00,SELL,0.00,0,0.00,0.00,NO,520342.38,
2026.09.10 17:19:40,ORDER_FILL,XAUUSD+,PERIOD_M1,4361.40,BUY,0.01,0,0.00,-0.36,YES,520342.39,
2026.09.10 17:20:06,ORDER_FILL,XAUUSD+,PERIOD_M1,4363.19,BUY,0.01,0,0.01,0.00,YES,520342.63,
2026.09.10 17:20:08,ORDER_FILL,XAUUSD+,PERIOD_M1,4363.49,BUY,0.01,0,0.01,0.00,YES,520330.07,
2026.09.10 17:20:11,ORDER_FILL,XAUUSD+,PERIOD_M1,4363.79,BUY,0.01,0,0.01,2.07,YES,520323.66,
2026.09.10 17:20:19,ORDER_FILL,XAUUSD+,PERIOD_M1,4365.19,BUY,0.01,0,0.01,4.18,YES,520318.23,
2026.09.10 17:20:23,ORDER_FILL,XAUUSD+,PERIOD_M1,4365.49,BUY,0.01,0,0.01,8.11,YES,520306.00,
2026.09.10 17:20:23,ORDER_FILL,XAUUSD+,PERIOD_M1,4365.79,BUY,0.01,0,0.01,8.11,YES,520305.58,
2026.09.10 17:20:23,ORDER_FILL,XAUUSD+,PERIOD_M1,4366.09,BUY,0.01,0,0.01,8.11,YES,520305.58,
2026.09.10 17:24:21,ORDER_FILL,XAUUSD+,PERIOD_M1,4361.55,SELL,0.01,0,0.01,1.94,YES,520335.24,
2026.09.10 17:24:22,ORDER_FILL,XAUUSD+,PERIOD_M1,4361.25,SELL,0.01,0,0.01,1.94,YES,520335.38,
2026.09.10 17:24:22,ORDER_FILL,XAUUSD+,PERIOD_M1,4360.95,SELL,0.01,0,0.01,1.94,YES,520335.36,
2026.09.10 17:24:44,ORDER_FILL,XAUUSD+,PERIOD_M1,4360.13,SELL,0.01,0,0.01,-21.16,YES,520335.76,
2026.09.10 17:24:44,ORDER_FILL,XAUUSD+,PERIOD_M1,4359.83,SELL,0.01,0,0.01,-21.16,YES,520335.75,
2026.09.10 17:24:45,ORDER_FILL,XAUUSD+,PERIOD_M1,4359.53,SELL,0.01,0,0.01,-21.16,YES,520335.79,
2026.09.10 17:27:33,ORDER_FILL,XAUUSD+,PERIOD_M1,0.00,SELL,0.00,0,0.00,0.00,NO,520317.71,
2026.09.10 17:27:33,ORDER_FILL,XAUUSD+,PERIOD_M1,0.00,SELL,0.00,0,0.00,0.00,NO,520317.71,
2026.09.10 17:27:33,ORDER_FILL,XAUUSD+,PERIOD_M1,0.00,SELL,0.00,0,0.00,0.00,NO,520317.71,
2026.09.10 17:31:26,ORDER_FILL,XAUUSD+,PERIOD_M1,0.00,SELL,0.00,0,0.00,0.00,NO,520317.74,
2026.09.10 17:31:26,ORDER_FILL,XAUUSD+,PERIOD_M1,0.00,SELL,0.00,0,0.00,0.00,NO,520317.74,
2026.09.10 17:31:26,ORDER_FILL,XAUUSD+,PERIOD_M1,0.00,SELL,0.00,0,0.00,0.00,NO,520317.74,
2026.09.10 17:34:03,ORDER_FILL,XAUUSD+,PERIOD_M1,0.00,SELL,0.00,0,0.00,0.00,NO,520312.41,
2026.09.10 17:35:53,ORDER_FILL,XAUUSD+,PERIOD_M1,0.00,SELL,0.00,0,0.00,0.00,NO,520319.32,
2026.09.10 17:35:54,ORDER_FILL,XAUUSD+,PERIOD_M1,0.00,SELL,0.00,0,0.00,0.00,NO,520319.32,
2026.09.10 17:35:54,ORDER_FILL,XAUUSD+,PERIOD_M1,0.00,SELL,0.00,0,0.00,0.00,NO,520319.32,
2026.09.10 17:35:54,ORDER_FILL,XAUUSD+,PERIOD_M1,0.00,SELL,0.00,0,0.00,0.00,NO,520319.32,
2026.09.10 17:37:46,ORDER_FILL,XAUUSD+,PERIOD_M1,0.00,SELL,0.00,0,0.01,-2.94,YES,520301.57,
2026.09.10 17:37:46,ORDER_FILL,XAUUSD+,PERIOD_M1,4369.74,BUY,0.01,0,0.01,-2.94,YES,520301.56,
2026.09.10 17:37:46,ORDER_FILL,XAUUSD+,PERIOD_M1,4370.04,BUY,0.01,0,0.01,-2.94,YES,520301.68,
2026.09.10 17:39:31,ORDER_FILL,XAUUSD+,PERIOD_M1,0.00,SELL,0.00,0,0.00,0.00,NO,520316.22,
2026.09.10 17:39:31,ORDER_FILL,XAUUSD+,PERIOD_M1,0.00,SELL,0.00,0,0.00,0.00,NO,520316.22,
2026.09.10 17:39:31,ORDER_FILL,XAUUSD+,PERIOD_M1,0.00,SELL,0.00,0,0.00,0.00,NO,520316.22,
2026.09.10 17:39:31,ORDER_FILL,XAUUSD+,PERIOD_M1,0.00,SELL,0.00,0,0.00,0.00,NO,520316.22,
2026.09.10 17:39:37,ORDER_FILL,XAUUSD+,PERIOD_M1,4365.09,SELL,0.01,0,0.01,0.00,YES,520308.59,
2026.09.10 17:39:39,ORDER_FILL,XAUUSD+,PERIOD_M1,0.00,SELL,0.00,0,0.00,0.00,NO,520316.07,
2026.09.10 17:40:46,ORDER_FILL,XAUUSD+,PERIOD_M1,0.00,SELL,0.00,0,0.00,0.00,NO,520317.15,
2026.09.10 17:40:47,ORDER_FILL,XAUUSD+,PERIOD_M1,0.00,SELL,0.00,0,0.00,0.00,NO,520317.15,
2026.09.10 17:40:47,ORDER_FILL,XAUUSD+,PERIOD_M1,0.00,SELL,0.00,0,0.00,0.00,NO,520317.15,
2026.09.10 17:42:46,ORDER_FILL,XAUUSD+,PERIOD_M1,0.00,SELL,0.00,0,0.00,0.00,NO,520323.17,
2026.09.10 17:42:47,ORDER_FILL,XAUUSD+,PERIOD_M1,0.00,SELL,0.00,0,0.00,0.00,NO,520323.17,
2026.09.10 17:42:47,ORDER_FILL,XAUUSD+,PERIOD_M1,0.00,SELL,0.00,0,0.00,0.00,NO,520323.17,
2026.09.10 17:44:59,ORDER_FILL,XAUUSD+,PERIOD_M1,0.00,SELL,0.00,0,0.01,-1.65,YES,520307.14,
2026.09.10 17:44:59,ORDER_FILL,XAUUSD+,PERIOD_M1,4356.80,SELL,0.01,0,0.01,-1.65,YES,520307.12,
2026.09.10 17:45:04,ORDER_FILL,XAUUSD+,PERIOD_M1,0.00,SELL,0.00,0,0.00,0.00,NO,520322.73,
2026.09.10 17:45:49,ORDER_FILL,XAUUSD+,PERIOD_M1,0.00,SELL,0.00,0,0.00,0.00,NO,520322.91,
2026.09.10 17:46:19,ORDER_FILL,XAUUSD+,PERIOD_M1,4356.80,BUY,0.01,0,0.01,-1.94,YES,520298.40,
2026.09.10 17:46:19,ORDER_FILL,XAUUSD+,PERIOD_M1,4357.10,BUY,0.01,0,0.01,-1.94,YES,520298.36,
2026.09.10 17:46:19,ORDER_FILL,XAUUSD+,PERIOD_M1,4357.40,BUY,0.01,0,0.01,-1.94,YES,520298.56,
2026.09.10 17:46:59,ORDER_FILL,XAUUSD+,PERIOD_M1,4357.70,BUY,0.01,0,0.01,0.26,YES,520277.61,
2026.09.10 17:47:00,ORDER_FILL,XAUUSD+,PERIOD_M1,4358.00,BUY,0.01,0,0.01,0.26,YES,520277.61,
2026.09.10 17:47:00,ORDER_FILL,XAUUSD+,PERIOD_M1,4358.30,BUY,0.01,0,0.01,0.26,YES,520277.30,
2026.09.10 17:49:31,ORDER_FILL,XAUUSD+,PERIOD_M1,4357.52,BUY,0.01,0,0.00,-0.21,YES,520307.11,
2026.09.10 17:49:54,ORDER_FILL,XAUUSD+,PERIOD_M1,4357.82,BUY,0.01,0,0.00,-3.10,YES,520274.50,
2026.09.10 17:49:54,ORDER_FILL,XAUUSD+,PERIOD_M1,4358.12,BUY,0.01,0,0.00,-3.10,YES,520274.33,
2026.09.10 17:49:54,ORDER_FILL,XAUUSD+,PERIOD_M1,4358.42,BUY,0.01,0,0.00,-3.10,YES,520274.29,
2026.09.10 17:49:54,ORDER_FILL,XAUUSD+,PERIOD_M1,4358.72,BUY,0.01,0,0.00,-3.10,YES,520274.93,
2026.09.10 17:51:04,ORDER_FILL,XAUUSD+,PERIOD_M1,4358.72,BUY,0.01,0,0.01,-5.60,YES,520282.52,
2026.09.10 17:51:04,ORDER_FILL,XAUUSD+,PERIOD_M1,4356.45,SELL,0.01,0,0.01,-5.60,YES,520283.08,
2026.09.10 17:51:45,ORDER_FILL,XAUUSD+,PERIOD_M1,4358.72,BUY,0.01,0,0.01,0.00,YES,520301.59,
2026.09.10 17:51:59,ORDER_FILL,XAUUSD+,PERIOD_M1,4359.02,BUY,0.01,0,0.01,0.31,YES,520294.70,
2026.09.10 17:52:00,ORDER_FILL,XAUUSD+,PERIOD_M1,4359.32,BUY,0.01,0,0.01,0.60,YES,520287.23,
2026.09.10 17:52:01,ORDER_FILL,XAUUSD+,PERIOD_M1,4359.62,BUY,0.01,0,0.01,0.83,YES,520279.99,
2026.09.10 17:52:11,ORDER_FILL,XAUUSD+,PERIOD_M1,4359.22,BUY,0.01,0,0.01,0.00,YES,520301.04,
2026.09.10 17:52:11,ORDER_FILL,XAUUSD+,PERIOD_M1,4359.52,BUY,0.01,0,0.01,0.04,YES,520293.54,
2026.09.10 17:52:25,ORDER_FILL,XAUUSD+,PERIOD_M1,0.00,SELL,0.00,0,0.00,0.00,NO,520307.73,
2026.09.10 17:52:34,ORDER_FILL,XAUUSD+,PERIOD_M1,4359.22,BUY,0.01,0,0.01,-0.03,YES,520300.17,
2026.09.10 17:52:49,ORDER_FILL,XAUUSD+,PERIOD_M1,4359.52,BUY,0.01,0,0.01,0.22,YES,520292.91,
2026.09.10 17:54:10,ORDER_FILL,XAUUSD+,PERIOD_M1,4360.18,SELL,0.01,0,0.01,0.00,YES,520299.95,
2026.09.10 17:54:10,ORDER_FILL,XAUUSD+,PERIOD_M1,4359.88,SELL,0.01,0,0.01,0.00,YES,520292.49,
2026.09.10 17:55:04,ORDER_FILL,XAUUSD+,PERIOD_M1,4355.03,SELL,0.01,0,0.01,0.00,YES,520299.73,
2026.09.10 17:55:06,ORDER_FILL,XAUUSD+,PERIOD_M1,4354.73,SELL,0.01,0,0.01,0.14,YES,520292.29,
2026.09.10 17:55:36,ORDER_FILL,XAUUSD+,PERIOD_M1,4354.43,SELL,0.01,0,0.01,-3.78,YES,520288.29,
2026.09.10 17:55:51,ORDER_FILL,XAUUSD+,PERIOD_M1,4355.03,SELL,0.01,0,0.01,-0.11,YES,520295.62,
2026.09.10 17:56:08,ORDER_FILL,XAUUSD+,PERIOD_M1,4357.06,BUY,0.01,0,0.01,0.00,YES,520294.36,
2026.09.10 17:56:12,ORDER_FILL,XAUUSD+,PERIOD_M1,4357.36,BUY,0.01,0,0.01,0.16,YES,520286.96,
2026.09.10 17:58:20,ORDER_FILL,XAUUSD+,PERIOD_M1,0.00,SELL,0.00,0,0.00,0.00,NO,520301.60,
2026.09.10 17:58:20,ORDER_FILL,XAUUSD+,PERIOD_M1,0.00,SELL,0.00,0,0.00,0.00,NO,520301.60,
2026.09.10 17:58:20,ORDER_FILL,XAUUSD+,PERIOD_M1,0.00,SELL,0.00,0,0.00,0.00,NO,520301.60,
2026.09.10 18:00:38,ORDER_FILL,XAUUSD+,PERIOD_M1,4356.76,SELL,0.01,0,0.01,-0.05,YES,520294.03,
2026.09.10 18:01:29,ORDER_FILL,XAUUSD+,PERIOD_M1,4356.46,SELL,0.01,0,0.01,4.29,YES,520277.75,
2026.09.10 18:02:04,ORDER_FILL,XAUUSD+,PERIOD_M1,4356.16,SELL,0.01,0,0.01,4.29,YES,520271.77,
2026.09.10 18:02:42,ORDER_FILL,XAUUSD+,PERIOD_M1,4356.16,SELL,0.01,0,0.01,4.29,YES,520290.87,
2026.09.10 18:03:29,ORDER_FILL,XAUUSD+,PERIOD_M1,4355.26,BUY,0.01,0,0.01,-0.03,YES,520298.45,
2026.09.10 18:03:30,ORDER_FILL,XAUUSD+,PERIOD_M1,4355.56,BUY,0.01,0,0.01,0.04,YES,520290.92,
2026.09.10 18:03:32,ORDER_FILL,XAUUSD+,PERIOD_M1,4355.86,BUY,0.01,0,0.01,0.40,YES,520283.74,
2026.09.10 18:04:40,ORDER_FILL,XAUUSD+,PERIOD_M1,0.00,SELL,0.00,0,0.00,0.00,NO,520303.26,
2026.09.10 18:04:40,ORDER_FILL,XAUUSD+,PERIOD_M1,0.00,SELL,0.00,0,0.00,0.00,NO,520303.26,
2026.09.10 18:04:40,ORDER_FILL,XAUUSD+,PERIOD_M1,0.00,SELL,0.00,0,0.00,0.00,NO,520303.26,
2026.09.10 18:05:59,ORDER_FILL,XAUUSD+,PERIOD_M1,4357.06,BUY,0.01,0,0.01,0.02,YES,520288.23,
2026.09.10 18:05:59,ORDER_FILL,XAUUSD+,PERIOD_M1,4357.36,BUY,0.01,0,0.01,0.02,YES,520288.21,
2026.09.10 18:08:25,ORDER_FILL,XAUUSD+,PERIOD_M1,4357.24,BUY,0.01,0,0.01,-0.14,YES,520290.70,
2026.09.10 18:08:35,ORDER_FILL,XAUUSD+,PERIOD_M1,4357.54,BUY,0.01,0,0.01,0.03,YES,520283.58,
2026.09.10 18:08:37,ORDER_FILL,XAUUSD+,PERIOD_M1,0.00,SELL,0.00,0,0.00,0.00,NO,520298.11,
2026.09.10 18:10:04,ORDER_FILL,XAUUSD+,PERIOD_M1,4356.18,SELL,0.01,0,0.01,-1.26,YES,520272.86,
2026.09.10 18:10:04,ORDER_FILL,XAUUSD+,PERIOD_M1,4355.88,SELL,0.01,0,0.01,-1.26,YES,520272.89,
2026.09.10 18:10:04,ORDER_FILL,XAUUSD+,PERIOD_M1,4355.58,SELL,0.01,0,0.01,-1.26,YES,520272.91,
2026.09.10 18:10:47,ORDER_FILL,XAUUSD+,PERIOD_M1,0.00,SELL,0.00,0,0.00,0.00,NO,520291.25,
2026.09.10 18:10:47,ORDER_FILL,XAUUSD+,PERIOD_M1,0.00,SELL,0.00,0,0.00,0.00,NO,520291.25,
2026.09.10 18:13:03,ORDER_FILL,XAUUSD+,PERIOD_M1,4357.89,SELL,0.01,0,0.01,-0.69,YES,520275.48,
2026.09.10 18:13:03,ORDER_FILL,XAUUSD+,PERIOD_M1,4357.59,SELL,0.01,0,0.01,-0.69,YES,520275.51,
2026.09.10 18:13:28,ORDER_FILL,XAUUSD+,PERIOD_M1,0.00,SELL,0.00,0,0.00,0.00,NO,520287.11,
2026.09.10 18:14:48,ORDER_FILL,XAUUSD+,PERIOD_M1,0.00,SELL,0.00,0,0.01,0.00,YES,520264.62,
2026.09.10 18:14:48,ORDER_FILL,XAUUSD+,PERIOD_M1,0.00,SELL,0.00,0,0.01,0.00,YES,520264.70,
2026.09.10 18:14:48,ORDER_FILL,XAUUSD+,PERIOD_M1,0.00,SELL,0.00,0,0.01,0.00,YES,520264.64,
2026.09.10 18:14:50,ORDER_FILL,XAUUSD+,PERIOD_M1,0.00,SELL,0.00,0,0.00,0.00,YES,520279.54,
2026.09.10 18:14:50,ORDER_FILL,XAUUSD+,PERIOD_M1,0.00,SELL,0.00,0,0.00,0.00,YES,520279.54,
2026.09.10 18:15:49,ORDER_FILL,XAUUSD+,PERIOD_M1,4360.54,BUY,0.01,0,0.01,-0.49,YES,520256.46,
2026.09.10 18:15:50,ORDER_FILL,XAUUSD+,PERIOD_M1,4360.59,BUY,0.01,0,0.01,-0.49,YES,520256.70,
2026.09.10 18:15:50,ORDER_FILL,XAUUSD+,PERIOD_M1,4360.89,BUY,0.01,0,0.01,-0.49,YES,520256.70,
2026.09.10 18:16:10,ORDER_FILL,XAUUSD+,PERIOD_M1,0.00,SELL,0.00,0,0.00,0.00,NO,520278.83,
2026.09.10 18:16:11,ORDER_FILL,XAUUSD+,PERIOD_M1,0.00,SELL,0.00,0,0.00,0.00,NO,520278.83,
2026.09.10 18:16:11,ORDER_FILL,XAUUSD+,PERIOD_M1,0.00,SELL,0.00,0,0.00,0.00,NO,520278.83,
2026.09.10 18:16:11,ORDER_FILL,XAUUSD+,PERIOD_M1,0.00,SELL,0.00,0,0.00,0.00,NO,520278.83,
2026.09.10 18:16:33,ORDER_FILL,XAUUSD+,PERIOD_M1,4362.70,BUY,0.01,0,0.01,0.00,YES,520271.25,
2026.09.10 18:16:35,ORDER_FILL,XAUUSD+,PERIOD_M1,0.00,SELL,0.00,0,0.00,0.00,NO,520278.59,
2026.09.10 18:16:46,ORDER_FILL,XAUUSD+,PERIOD_M1,4362.70,BUY,0.01,0,0.01,0.00,YES,520270.94,
2026.09.10 18:17:29,ORDER_FILL,XAUUSD+,PERIOD_M1,4362.94,BUY,0.01,0,0.01,-2.79,YES,520245.15,
2026.09.10 18:17:29,ORDER_FILL,XAUUSD+,PERIOD_M1,4363.24,BUY,0.01,0,0.01,-2.79,YES,520244.32,
2026.09.10 18:17:30,ORDER_FILL,XAUUSD+,PERIOD_M1,4363.54,BUY,0.01,0,0.01,-2.79,YES,520243.95,
2026.09.10 18:17:30,ORDER_FILL,XAUUSD+,PERIOD_M1,4363.84,BUY,0.01,0,0.01,-2.79,YES,520243.84,
2026.09.10 18:20:08,ORDER_FILL,XAUUSD+,PERIOD_M1,4364.14,BUY,0.01,0,0.01,2.32,YES,520213.67,
2026.09.10 18:20:11,ORDER_FILL,XAUUSD+,PERIOD_M1,4364.44,BUY,0.01,0,0.01,2.32,YES,520220.40,
2026.09.10 18:20:13,ORDER_FILL,XAUUSD+,PERIOD_M1,4364.74,BUY,0.01,0,0.01,0.97,YES,520219.09,
2026.09.10 18:20:13,ORDER_FILL,XAUUSD+,PERIOD_M1,4365.04,BUY,0.01,0,0.01,0.97,YES,520219.03,
2026.09.10 18:20:21,ORDER_FILL,XAUUSD+,PERIOD_M1,4364.98,BUY,0.01,0,0.01,0.00,YES,520274.48,
2026.09.10 18:20:25,ORDER_FILL,XAUUSD+,PERIOD_M1,0.00,SELL,0.00,0,0.00,0.00,NO,520281.51,
2026.09.10 18:20:58,ORDER_FILL,XAUUSD+,PERIOD_M1,4362.73,SELL,0.01,0,0.01,0.00,YES,520273.89,
2026.09.10 18:20:59,ORDER_FILL,XAUUSD+,PERIOD_M1,4362.43,SELL,0.01,0,0.01,0.06,YES,520266.41,
2026.09.10 18:21:03,ORDER_FILL,XAUUSD+,PERIOD_M1,0.00,SELL,0.00,0,0.00,0.00,NO,520281.24,
2026.09.10 18:21:24,ORDER_FILL,XAUUSD+,PERIOD_M1,4362.21,SELL,0.01,0,0.01,0.00,YES,520273.66,
2026.09.10 18:22:17,ORDER_FILL,XAUUSD+,PERIOD_M1,4364.66,BUY,0.01,0,0.01,0.00,YES,520272.31,
2026.09.10 18:22:32,ORDER_FILL,XAUUSD+,PERIOD_M1,4364.96,BUY,0.01,0,0.01,0.24,YES,520265.23,
2026.09.10 18:22:37,ORDER_FILL,XAUUSD+,PERIOD_M1,4365.26,BUY,0.01,0,0.01,0.52,YES,520257.88,
2026.09.10 18:22:40,ORDER_FILL,XAUUSD+,PERIOD_M1,4365.56,BUY,0.01,0,0.01,1.48,YES,520251.59,
2026.09.10 18:23:09,ORDER_FILL,XAUUSD+,PERIOD_M1,4366.74,BUY,0.01,0,0.01,0.00,YES,520272.51,
2026.09.10 18:23:09,ORDER_FILL,XAUUSD+,PERIOD_M1,4366.79,BUY,0.01,0,0.01,0.00,YES,520264.82,
2026.09.10 18:24:17,ORDER_FILL,XAUUSD+,PERIOD_M1,4366.49,BUY,0.01,0,0.01,-0.40,YES,520271.81,
2026.09.10 18:27:26,ORDER_FILL,XAUUSD+,PERIOD_M1,4366.44,BUY,0.01,0,0.01,-0.08,YES,520257.44,
2026.09.10 18:27:27,ORDER_FILL,XAUUSD+,PERIOD_M1,4366.74,BUY,0.01,0,0.01,1.83,YES,520257.72,
2026.09.10 18:27:27,ORDER_FILL,XAUUSD+,PERIOD_M1,4367.04,BUY,0.01,0,0.01,1.83,YES,520257.65,
2026.09.10 18:27:30,ORDER_FILL,XAUUSD+,PERIOD_M1,4367.89,BUY,0.01,0,0.01,2.56,YES,520250.60,
2026.09.10 18:27:38,ORDER_FILL,XAUUSD+,PERIOD_M1,4366.85,BUY,0.01,0,0.01,0.00,YES,520271.41,
2026.09.10 18:27:41,ORDER_FILL,XAUUSD+,PERIOD_M1,4367.15,BUY,0.01,0,0.01,0.09,YES,520263.94,
2026.09.10 18:29:30,ORDER_FILL,XAUUSD+,PERIOD_M1,0.00,SELL,0.00,0,0.00,0.00,NO,520278.50,
2026.09.10 18:29:30,ORDER_FILL,XAUUSD+,PERIOD_M1,0.00,SELL,0.00,0,0.00,0.00,NO,520278.50,
2026.09.10 18:29:30,ORDER_FILL,XAUUSD+,PERIOD_M1,0.00,SELL,0.00,0,0.00,0.00,NO,520278.50,
2026.09.10 18:31:32,ORDER_FILL,XAUUSD+,PERIOD_M1,4364.99,SELL,0.01,0,0.01,-0.24,YES,520255.64,
2026.09.10 18:31:32,ORDER_FILL,XAUUSD+,PERIOD_M1,4364.69,SELL,0.01,0,0.01,-0.24,YES,520255.67,
2026.09.10 18:31:32,ORDER_FILL,XAUUSD+,PERIOD_M1,4364.39,SELL,0.01,0,0.01,-0.24,YES,520255.91,
2026.09.10 18:31:52,ORDER_FILL,XAUUSD+,PERIOD_M1,4364.09,SELL,0.01,0,0.01,0.93,YES,520233.73,
2026.09.10 18:31:52,ORDER_FILL,XAUUSD+,PERIOD_M1,4363.79,SELL,0.01,0,0.01,0.93,YES,520233.68,
2026.09.10 18:31:52,ORDER_FILL,XAUUSD+,PERIOD_M1,4363.49,SELL,0.01,0,0.01,0.93,YES,520233.84,
2026.09.10 18:32:21,ORDER_FILL,XAUUSD+,PERIOD_M1,4363.25,SELL,0.01,0,0.01,0.00,YES,520271.25,
2026.09.10 18:34:10,ORDER_FILL,XAUUSD+,PERIOD_M1,4364.28,BUY,0.01,0,0.01,-0.12,YES,520262.46,
2026.09.10 18:34:11,ORDER_FILL,XAUUSD+,PERIOD_M1,4364.58,BUY,0.01,0,0.01,6.06,YES,520262.98,
2026.09.10 18:34:11,ORDER_FILL,XAUUSD+,PERIOD_M1,4364.88,BUY,0.01,0,0.01,6.06,YES,520263.10,
2026.09.10 18:34:13,ORDER_FILL,XAUUSD+,PERIOD_M1,4367.76,BUY,0.01,0,0.01,7.83,YES,520256.50,
2026.09.10 18:35:16,ORDER_FILL,XAUUSD+,PERIOD_M1,4369.69,BUY,0.01,0,0.01,0.00,YES,520278.15,
2026.09.10 18:36:18,ORDER_FILL,XAUUSD+,PERIOD_M1,0.00,SELL,0.00,0,0.00,0.00,NO,520287.24,
2026.09.10 18:36:34,ORDER_FILL,XAUUSD+,PERIOD_M1,0.00,SELL,0.00,0,0.00,0.00,YES,520287.24,
2026.09.10 18:36:34,ORDER_FILL,XAUUSD+,PERIOD_M1,0.00,SELL,0.00,0,0.00,0.00,YES,520287.24,
2026.09.10 18:36:34,ORDER_FILL,XAUUSD+,PERIOD_M1,0.00,SELL,0.00,0,0.00,0.00,YES,520287.24,
2026.09.10 18:36:42,ORDER_FILL,XAUUSD+,PERIOD_M1,4370.27,BUY,0.01,0,0.01,-0.04,YES,520279.65,
2026.09.10 18:36:43,ORDER_FILL,XAUUSD+,PERIOD_M1,4370.57,BUY,0.01,0,0.01,0.38,YES,520272.61,
2026.09.10 18:36:48,ORDER_FILL,XAUUSD+,PERIOD_M1,4370.87,BUY,0.01,0,0.01,1.14,YES,520265.76,
2026.09.10 18:37:49,ORDER_FILL,XAUUSD+,PERIOD_M1,4371.44,BUY,0.01,0,0.01,-1.35,YES,520262.87,
2026.09.10 18:37:49,ORDER_FILL,XAUUSD+,PERIOD_M1,4371.74,BUY,0.01,0,0.01,-1.35,YES,520262.80,
2026.09.10 18:37:49,ORDER_FILL,XAUUSD+,PERIOD_M1,4372.04,BUY,0.01,0,0.01,-1.35,YES,520262.42,
2026.09.10 18:41:49,ORDER_FILL,XAUUSD+,PERIOD_M1,0.00,SELL,0.00,0,0.00,0.00,NO,520281.20,
2026.09.10 18:41:49,ORDER_FILL,XAUUSD+,PERIOD_M1,0.00,SELL,0.00,0,0.00,0.00,NO,520281.20,
2026.09.10 18:43:15,ORDER_FILL,XAUUSD+,PERIOD_M1,4365.10,SELL,0.01,0,0.00,0.10,YES,520274.08,
2026.09.10 18:44:52,ORDER_FILL,XAUUSD+,PERIOD_M1,4365.61,BUY,0.01,0,0.01,-0.67,YES,520258.01,
2026.09.10 18:44:52,ORDER_FILL,XAUUSD+,PERIOD_M1,4365.91,BUY,0.01,0,0.01,-0.67,YES,520257.90,
2026.09.10 18:44:52,ORDER_FILL,XAUUSD+,PERIOD_M1,4366.21,BUY,0.01,0,0.01,-0.67,YES,520257.75,
2026.09.10 18:45:03,ORDER_FILL,XAUUSD+,PERIOD_M1,4366.51,BUY,0.01,0,0.01,1.10,YES,520252.24,
2026.09.10 18:46:19,ORDER_FILL,XAUUSD+,PERIOD_M1,4364.43,SELL,0.01,0,0.01,0.00,YES,520274.52,
2026.09.10 18:46:22,ORDER_FILL,XAUUSD+,PERIOD_M1,0.00,SELL,0.00,0,0.00,0.00,NO,520282.05,
2026.09.10 18:47:37,ORDER_FILL,XAUUSD+,PERIOD_M1,0.00,SELL,0.00,0,0.00,0.00,NO,520282.08,
2026.09.10 18:47:39,ORDER_FILL,XAUUSD+,PERIOD_M1,0.00,SELL,0.00,0,0.00,0.00,NO,520282.08,
2026.09.10 18:47:39,ORDER_FILL,XAUUSD+,PERIOD_M1,0.00,SELL,0.00,0,0.00,0.00,NO,520282.08,
2026.09.10 18:48:49,ORDER_FILL,XAUUSD+,PERIOD_M1,4363.91,BUY,0.01,0,0.01,-0.83,YES,520273.71,
2026.09.10 18:49:41,ORDER_FILL,XAUUSD+,PERIOD_M1,4363.95,BUY,0.01,0,0.01,0.00,YES,520273.16,
2026.09.10 18:49:41,ORDER_FILL,XAUUSD+,PERIOD_M1,4364.25,BUY,0.01,0,0.01,0.04,YES,520265.78,
2026.09.10 18:49:43,ORDER_FILL,XAUUSD+,PERIOD_M1,4364.55,BUY,0.01,0,0.01,0.31,YES,520251.94,
2026.09.10 18:49:43,ORDER_FILL,XAUUSD+,PERIOD_M1,4364.85,BUY,0.01,0,0.01,1.41,YES,520251.90,
2026.09.10 18:50:12,ORDER_FILL,XAUUSD+,PERIOD_M1,4366.99,BUY,0.01,0,0.01,0.00,YES,520274.13,
2026.09.10 18:51:46,ORDER_FILL,XAUUSD+,PERIOD_M1,4367.56,BUY,0.01,0,0.01,0.72,YES,520252.96,
2026.09.10 18:51:47,ORDER_FILL,XAUUSD+,PERIOD_M1,4367.86,BUY,0.01,0,0.01,0.72,YES,520252.72,
2026.09.10 18:52:06,ORDER_FILL,XAUUSD+,PERIOD_M1,4367.86,BUY,0.01,0,0.01,0.72,YES,520274.11,
2026.09.10 18:52:06,ORDER_FILL,XAUUSD+,PERIOD_M1,4367.86,BUY,0.01,0,0.01,0.72,YES,520274.08,
2026.09.10 18:54:20,ORDER_FILL,XAUUSD+,PERIOD_M1,4367.07,SELL,0.01,0,0.01,-0.13,YES,520258.97,
2026.09.10 18:54:20,ORDER_FILL,XAUUSD+,PERIOD_M1,4366.77,SELL,0.01,0,0.01,-0.13,YES,520256.64,
2026.09.10 18:54:20,ORDER_FILL,XAUUSD+,PERIOD_M1,4366.47,SELL,0.01,0,0.01,-0.13,YES,520256.70,
2026.09.10 18:56:43,ORDER_FILL,XAUUSD+,PERIOD_M1,4366.64,BUY,0.01,0,0.01,-0.17,YES,520273.63,
2026.09.10 18:58:13,ORDER_FILL,XAUUSD+,PERIOD_M1,4366.94,BUY,0.01,0,0.01,-1.76,YES,520271.22,
2026.09.10 18:59:11,ORDER_FILL,XAUUSD+,PERIOD_M1,0.00,SELL,0.00,0,0.00,0.00,NO,520271.17,
2026.09.10 18:59:23,ORDER_FILL,XAUUSD+,PERIOD_M1,4367.41,BUY,0.01,0,0.00,0.03,YES,520271.30,
2026.09.10 19:00:27,ORDER_FILL,XAUUSD+,PERIOD_M1,0.00,SELL,0.00,0,0.00,0.00,YES,520276.28,
2026.09.10 19:00:27,ORDER_FILL,XAUUSD+,PERIOD_M1,0.00,SELL,0.00,0,0.00,0.00,NO,520276.28,
2026.09.10 19:00:33,ORDER_FILL,XAUUSD+,PERIOD_M1,4365.72,SELL,0.01,0,0.01,0.00,YES,520268.62,
2026.09.10 19:01:14,ORDER_FILL,XAUUSD+,PERIOD_M1,4367.56,BUY,0.01,0,0.01,-1.91,YES,520251.93,
2026.09.10 19:01:14,ORDER_FILL,XAUUSD+,PERIOD_M1,4367.86,BUY,0.01,0,0.01,-1.91,YES,520251.93,
2026.09.10 19:01:14,ORDER_FILL,XAUUSD+,PERIOD_M1,4368.16,BUY,0.01,0,0.01,-1.91,YES,520251.93,
2026.09.10 19:01:46,ORDER_FILL,XAUUSD+,PERIOD_M1,4368.21,BUY,0.01,0,0.01,0.00,YES,520262.99,
2026.09.10 19:01:47,ORDER_FILL,XAUUSD+,PERIOD_M1,4368.51,BUY,0.01,0,0.01,0.07,YES,520255.43,
2026.09.10 19:03:58,ORDER_FILL,XAUUSD+,PERIOD_M1,4368.35,BUY,0.01,0,0.01,0.00,YES,520262.42,
2026.09.10 19:04:01,ORDER_FILL,XAUUSD+,PERIOD_M1,0.00,SELL,0.00,0,0.00,0.00,NO,520270.23,
2026.09.10 19:04:14,ORDER_FILL,XAUUSD+,PERIOD_M1,4369.38,BUY,0.01,0,0.01,0.00,YES,520262.68,
2026.09.10 19:06:54,ORDER_FILL,XAUUSD+,PERIOD_M1,4367.12,SELL,0.01,0,0.00,2.37,YES,520245.56,
2026.09.10 19:06:55,ORDER_FILL,XAUUSD+,PERIOD_M1,4366.82,SELL,0.01,0,0.00,2.37,YES,520245.63,
2026.09.10 19:06:55,ORDER_FILL,XAUUSD+,PERIOD_M1,4366.52,SELL,0.01,0,0.00,2.37,YES,520245.63,
2026.09.10 19:06:55,ORDER_FILL,XAUUSD+,PERIOD_M1,4366.22,SELL,0.01,0,0.00,2.37,YES,520245.63,
2026.09.10 19:07:52,ORDER_FILL,XAUUSD+,PERIOD_M1,0.00,SELL,0.00,0,0.00,0.00,NO,520275.09,
2026.09.10 19:07:54,ORDER_FILL,XAUUSD+,PERIOD_M1,0.00,SELL,0.00,0,0.00,0.00,YES,520275.09,
2026.09.10 19:07:54,ORDER_FILL,XAUUSD+,PERIOD_M1,0.00,SELL,0.00,0,0.00,0.00,NO,520275.09,
2026.09.10 19:07:54,ORDER_FILL,XAUUSD+,PERIOD_M1,0.00,SELL,0.00,0,0.00,0.00,NO,520275.09,
2026.09.10 19:10:48,ORDER_FILL,XAUUSD+,PERIOD_M1,4363.17,SELL,0.01,0,0.00,6.35,YES,520261.64,
2026.09.10 19:10:49,ORDER_FILL,XAUUSD+,PERIOD_M1,4362.87,SELL,0.01,0,0.00,6.35,YES,520261.72,
2026.09.10 19:11:36,ORDER_FILL,XAUUSD+,PERIOD_M1,4362.57,SELL,0.01,0,0.00,6.35,YES,520264.13,
2026.09.10 19:11:42,ORDER_FILL,XAUUSD+,PERIOD_M1,0.00,SELL,0.00,0,0.00,0.00,NO,520295.53,
2026.09.10 19:11:42,ORDER_FILL,XAUUSD+,PERIOD_M1,0.00,SELL,0.00,0,0.00,0.00,NO,520295.53,
2026.09.10 19:11:42,ORDER_FILL,XAUUSD+,PERIOD_M1,0.00,SELL,0.00,0,0.00,0.00,NO,520295.53,
2026.09.10 19:11:42,ORDER_FILL,XAUUSD+,PERIOD_M1,0.00,SELL,0.00,0,0.00,0.00,NO,520295.53,
2026.09.10 19:12:37,ORDER_FILL,XAUUSD+,PERIOD_M1,4357.46,BUY,0.01,0,0.01,-0.06,YES,520287.94,
2026.09.10 19:12:38,ORDER_FILL,XAUUSD+,PERIOD_M1,4357.76,BUY,0.01,0,0.01,0.28,YES,520280.82,
2026.09.10 19:16:01,ORDER_FILL,XAUUSD+,PERIOD_M1,0.00,SELL,0.00,0,0.00,0.00,NO,520297.45,
2026.09.10 19:16:01,ORDER_FILL,XAUUSD+,PERIOD_M1,0.00,SELL,0.00,0,0.00,0.00,NO,520297.45,
2026.09.10 19:16:01,ORDER_FILL,XAUUSD+,PERIOD_M1,0.00,SELL,0.00,0,0.00,0.00,NO,520297.45,
2026.09.10 19:16:08,ORDER_FILL,XAUUSD+,PERIOD_M1,4358.67,SELL,0.01,0,0.01,-0.06,YES,520289.52,
2026.09.10 19:17:13,ORDER_FILL,XAUUSD+,PERIOD_M1,0.00,SELL,0.00,0,0.00,0.00,NO,520298.14,
2026.09.10 19:17:58,ORDER_FILL,XAUUSD+,PERIOD_M1,0.00,SELL,0.00,0,0.00,0.00,NO,520298.14,
2026.09.10 19:17:58,ORDER_FILL,XAUUSD+,PERIOD_M1,0.00,SELL,0.00,0,0.00,0.00,NO,520298.14,
2026.09.10 19:17:58,ORDER_FILL,XAUUSD+,PERIOD_M1,0.00,SELL,0.00,0,0.00,0.00,NO,520298.14,
2026.09.10 19:21:26,ORDER_FILL,XAUUSD+,PERIOD_M1,4360.61,BUY,0.01,0,0.01,0.00,YES,520290.62,
2026.09.10 19:21:27,ORDER_FILL,XAUUSD+,PERIOD_M1,4360.91,BUY,0.01,0,0.01,0.16,YES,520283.27,
2026.09.10 19:23:09,ORDER_FILL,XAUUSD+,PERIOD_M1,4362.15,BUY,0.01,0,0.01,0.00,YES,520290.68,
2026.09.10 19:23:11,ORDER_FILL,XAUUSD+,PERIOD_M1,4362.45,BUY,0.01,0,0.01,0.14,YES,520283.38,
2026.09.10 19:26:54,ORDER_FILL,XAUUSD+,PERIOD_M1,0.00,SELL,0.00,0,0.01,-0.08,YES,520286.46,
2026.09.10 19:26:55,ORDER_FILL,XAUUSD+,PERIOD_M1,0.00,SELL,0.00,0,0.01,0.01,YES,520286.46,
2026.09.10 19:28:12,ORDER_FILL,XAUUSD+,PERIOD_M1,4362.92,BUY,0.01,0,0.01,-0.12,YES,520286.02,
2026.09.10 19:31:34,ORDER_FILL,XAUUSD+,PERIOD_M1,4363.89,BUY,0.01,0,0.01,-0.54,YES,520270.58,
2026.09.10 19:31:35,ORDER_FILL,XAUUSD+,PERIOD_M1,4364.19,BUY,0.01,0,0.01,-0.54,YES,520270.48,
2026.09.10 19:31:35,ORDER_FILL,XAUUSD+,PERIOD_M1,4364.49,BUY,0.01,0,0.01,-0.54,YES,520269.91,
2026.09.10 19:32:41,ORDER_FILL,XAUUSD+,PERIOD_M1,0.00,SELL,0.00,0,0.00,0.00,NO,520297.37,
2026.09.10 19:32:42,ORDER_FILL,XAUUSD+,PERIOD_M1,0.00,SELL,0.00,0,0.00,0.00,NO,520297.37,
2026.09.10 19:32:42,ORDER_FILL,XAUUSD+,PERIOD_M1,0.00,SELL,0.00,0,0.00,0.00,NO,520297.37,
2026.09.10 19:32:42,ORDER_FILL,XAUUSD+,PERIOD_M1,0.00,SELL,0.00,0,0.00,0.00,NO,520297.37,
2026.09.10 19:35:07,ORDER_FILL,XAUUSD+,PERIOD_M1,0.00,SELL,0.00,0,0.00,0.00,NO,520311.65,
2026.09.10 19:35:07,ORDER_FILL,XAUUSD+,PERIOD_M1,0.00,SELL,0.00,0,0.00,0.00,NO,520311.65,
2026.09.10 19:35:07,ORDER_FILL,XAUUSD+,PERIOD_M1,0.00,SELL,0.00,0,0.00,0.00,NO,520311.65,
2026.09.10 19:35:07,ORDER_FILL,XAUUSD+,PERIOD_M1,0.00,SELL,0.00,0,0.00,0.00,NO,520311.65,
2026.09.10 19:35:12,ORDER_FILL,XAUUSD+,PERIOD_M1,4357.36,SELL,0.01,0,0.01,0.00,YES,520304.09,
2026.09.10 19:35:13,ORDER_FILL,XAUUSD+,PERIOD_M1,4357.06,SELL,0.01,0,0.01,0.57,YES,520283.30,
2026.09.10 19:35:14,ORDER_FILL,XAUUSD+,PERIOD_M1,4356.76,SELL,0.01,0,0.01,0.57,YES,520283.43,
2026.09.10 19:35:18,ORDER_FILL,XAUUSD+,PERIOD_M1,4356.46,SELL,0.01,0,0.01,1.04,YES,520273.58,
2026.09.10 19:35:19,ORDER_FILL,XAUUSD+,PERIOD_M1,4356.16,SELL,0.01,0,0.01,1.04,YES,520296.03,
2026.09.10 19:35:19,ORDER_FILL,XAUUSD+,PERIOD_M1,4355.86,SELL,0.01,0,0.01,-1.26,YES,520296.03,
2026.09.10 19:38:46,ORDER_FILL,XAUUSD+,PERIOD_M1,4360.93,BUY,0.01,0,0.01,-0.32,YES,520296.00,
2026.09.10 19:38:47,ORDER_FILL,XAUUSD+,PERIOD_M1,4361.23,BUY,0.01,0,0.01,-0.32,YES,520296.04,
2026.09.10 19:39:33,ORDER_FILL,XAUUSD+,PERIOD_M1,4359.59,SELL,0.01,0,0.01,0.00,YES,520303.66,
2026.09.10 19:40:51,ORDER_FILL,XAUUSD+,PERIOD_M1,4359.29,SELL,0.01,0,0.01,-1.55,YES,520287.02,
2026.09.10 19:40:51,ORDER_FILL,XAUUSD+,PERIOD_M1,4358.99,SELL,0.01,0,0.01,-1.55,YES,520286.94,
2026.09.10 19:45:44,ORDER_FILL,XAUUSD+,PERIOD_M1,0.00,SELL,0.00,0,0.00,0.00,NO,520308.90,
2026.09.10 19:46:03,ORDER_FILL,XAUUSD+,PERIOD_M1,0.00,SELL,0.00,0,0.00,0.00,NO,520308.90,
2026.09.10 19:46:03,ORDER_FILL,XAUUSD+,PERIOD_M1,0.00,SELL,0.00,0,0.00,0.00,NO,520308.90,
2026.09.10 19:47:08,ORDER_FILL,XAUUSD+,PERIOD_M1,4360.87,BUY,0.01,0,0.01,-2.34,YES,520284.97,
2026.09.10 19:47:08,ORDER_FILL,XAUUSD+,PERIOD_M1,4361.17,BUY,0.01,0,0.01,-2.34,YES,520284.82,
2026.09.10 19:47:08,ORDER_FILL,XAUUSD+,PERIOD_M1,4361.47,BUY,0.01,0,0.01,-2.34,YES,520284.94,
2026.09.10 19:47:14,ORDER_FILL,XAUUSD+,PERIOD_M1,0.00,SELL,0.00,0,0.00,0.00,NO,520309.30,
2026.09.10 19:48:23,ORDER_FILL,XAUUSD+,PERIOD_M1,4363.18,BUY,0.01,0,0.01,-0.78,YES,520300.98,
2026.09.10 19:49:38,ORDER_FILL,XAUUSD+,PERIOD_M1,4360.19,SELL,0.01,0,0.00,-0.48,YES,520277.67,
2026.09.10 19:49:38,ORDER_FILL,XAUUSD+,PERIOD_M1,4359.89,SELL,0.01,0,0.00,-0.48,YES,520277.74,
2026.09.10 19:49:38,ORDER_FILL,XAUUSD+,PERIOD_M1,4359.59,SELL,0.01,0,0.00,-0.48,YES,520277.63,
2026.09.10 19:49:38,ORDER_FILL,XAUUSD+,PERIOD_M1,4359.29,SELL,0.01,0,0.00,-0.48,YES,520277.67,
2026.09.10 19:50:08,ORDER_FILL,XAUUSD+,PERIOD_M1,4361.26,BUY,0.01,0,0.01,-5.12,YES,520280.18,
2026.09.10 19:50:16,ORDER_FILL,XAUUSD+,PERIOD_M1,4361.56,BUY,0.01,0,0.01,-6.12,YES,520286.65,
2026.09.10 19:51:21,ORDER_FILL,XAUUSD+,PERIOD_M1,4362.37,BUY,0.01,0,0.01,-0.96,YES,520285.15,
2026.09.10 19:51:21,ORDER_FILL,XAUUSD+,PERIOD_M1,4362.67,BUY,0.01,0,0.01,-0.96,YES,520285.13,
2026.09.10 19:51:45,ORDER_FILL,XAUUSD+,PERIOD_M1,4362.97,BUY,0.01,0,0.01,0.10,YES,520271.20,
2026.09.10 19:51:45,ORDER_FILL,XAUUSD+,PERIOD_M1,4363.27,BUY,0.01,0,0.01,0.10,YES,520271.23,
2026.09.10 19:52:37,ORDER_FILL,XAUUSD+,PERIOD_M1,4363.29,BUY,0.01,0,0.01,-0.33,YES,520293.17,
2026.09.10 19:52:57,ORDER_FILL,XAUUSD+,PERIOD_M1,4363.59,BUY,0.01,0,0.01,-2.89,YES,520275.53,
2026.09.10 19:52:57,ORDER_FILL,XAUUSD+,PERIOD_M1,4363.89,BUY,0.01,0,0.01,-2.89,YES,520275.51,
2026.09.10 19:53:19,ORDER_FILL,XAUUSD+,PERIOD_M1,4362.03,SELL,0.01,0,0.01,0.00,YES,520288.42,
2026.09.10 19:55:23,ORDER_FILL,XAUUSD+,PERIOD_M1,0.00,SELL,0.00,0,0.00,0.00,NO,520295.12,
2026.09.10 19:55:41,ORDER_FILL,XAUUSD+,PERIOD_M1,0.00,SELL,0.00,0,0.00,0.00,NO,520295.12,
2026.09.10 19:55:41,ORDER_FILL,XAUUSD+,PERIOD_M1,0.00,SELL,0.00,0,0.00,0.00,NO,520295.12,
2026.09.10 19:55:49,ORDER_FILL,XAUUSD+,PERIOD_M1,4361.04,SELL,0.01,0,0.01,0.00,YES,520287.50,
2026.09.10 19:59:51,ORDER_FILL,XAUUSD+,PERIOD_M1,4364.24,BUY,0.01,0,0.01,0.00,YES,520287.57,
2026.09.10 20:01:32,ORDER_FILL,XAUUSD+,PERIOD_M1,4362.30,SELL,0.01,0,0.01,-0.03,YES,520286.28,
2026.09.10 20:03:35,ORDER_FILL,XAUUSD+,PERIOD_M1,0.00,SELL,0.00,0,0.00,0.00,NO,520286.41,
2026.09.10 20:05:02,ORDER_FILL,XAUUSD+,PERIOD_M1,0.00,SELL,0.00,0,0.00,0.00,NO,520287.84,
2026.09.10 20:05:02,ORDER_FILL,XAUUSD+,PERIOD_M1,0.00,SELL,0.00,0,0.00,0.00,NO,520287.84,
2026.09.10 20:05:02,ORDER_FILL,XAUUSD+,PERIOD_M1,0.00,SELL,0.00,0,0.00,0.00,NO,520287.84,
2026.09.10 20:06:08,ORDER_FILL,XAUUSD+,PERIOD_M1,4361.35,SELL,0.01,0,0.01,-0.06,YES,520280.24,
2026.09.10 20:07:07,ORDER_FILL,XAUUSD+,PERIOD_M1,4363.05,BUY,0.01,0,0.01,0.00,YES,520280.18,
2026.09.10 20:07:09,ORDER_FILL,XAUUSD+,PERIOD_M1,4363.35,BUY,0.01,0,0.01,0.16,YES,520272.79,
2026.09.10 20:07:34,ORDER_FILL,XAUUSD+,PERIOD_M1,4363.65,BUY,0.01,0,0.01,-0.43,YES,520279.30,
2026.09.10 20:07:55,ORDER_FILL,XAUUSD+,PERIOD_M1,4363.05,BUY,0.01,0,0.01,-0.05,YES,520279.11,
2026.09.10 20:07:59,ORDER_FILL,XAUUSD+,PERIOD_M1,4363.35,BUY,0.01,0,0.01,0.12,YES,520271.74,
2026.09.10 20:08:13,ORDER_FILL,XAUUSD+,PERIOD_M1,4363.57,BUY,0.01,0,0.01,0.00,YES,520278.70,
2026.09.10 20:08:41,ORDER_FILL,XAUUSD+,PERIOD_M1,4362.41,SELL,0.01,0,0.01,0.00,YES,520278.57,
2026.09.10 20:08:42,ORDER_FILL,XAUUSD+,PERIOD_M1,0.00,SELL,0.00,0,0.00,0.00,NO,520286.52,
2026.09.10 20:08:42,ORDER_FILL,XAUUSD+,PERIOD_M1,0.00,SELL,0.00,0,0.00,0.00,NO,520286.52,
2026.09.10 20:09:38,ORDER_FILL,XAUUSD+,PERIOD_M1,4361.67,SELL,0.01,0,0.01,-1.32,YES,520262.59,
2026.09.10 20:09:38,ORDER_FILL,XAUUSD+,PERIOD_M1,4361.37,SELL,0.01,0,0.01,-1.32,YES,520262.11,
2026.09.10 20:09:38,ORDER_FILL,XAUUSD+,PERIOD_M1,4361.07,SELL,0.01,0,0.01,-1.32,YES,520262.13,
2026.09.10 20:13:12,ORDER_FILL,XAUUSD+,PERIOD_M1,0.00,SELL,0.00,0,0.00,-0.27,YES,520278.83,
2026.09.10 20:14:25,ORDER_FILL,XAUUSD+,PERIOD_M1,4362.07,SELL,0.01,0,0.01,0.12,YES,520256.34,
2026.09.10 20:14:25,ORDER_FILL,XAUUSD+,PERIOD_M1,4361.77,SELL,0.01,0,0.01,0.12,YES,520256.34,
2026.09.10 20:14:25,ORDER_FILL,XAUUSD+,PERIOD_M1,4361.47,SELL,0.01,0,0.01,0.12,YES,520256.37,
2026.09.10 20:15:28,ORDER_FILL,XAUUSD+,PERIOD_M1,4362.55,BUY,0.01,0,0.01,-0.89,YES,520269.74,
2026.09.10 20:16:33,ORDER_FILL,XAUUSD+,PERIOD_M1,4362.85,BUY,0.01,0,0.01,3.35,YES,520244.26,
2026.09.10 20:16:34,ORDER_FILL,XAUUSD+,PERIOD_M1,4363.15,BUY,0.01,0,0.01,3.35,YES,520244.30,
2026.09.10 20:16:53,ORDER_FILL,XAUUSD+,PERIOD_M1,4363.45,BUY,0.01,0,0.01,3.35,YES,520239.28,
2026.09.10 20:16:54,ORDER_FILL,XAUUSD+,PERIOD_M1,4363.75,BUY,0.01,0,0.01,3.35,YES,520239.43,
2026.09.10 20:16:55,ORDER_FILL,XAUUSD+,PERIOD_M1,4364.35,BUY,0.01,0,0.01,5.88,YES,520238.76,
2026.09.10 20:20:12,ORDER_FILL,XAUUSD+,PERIOD_M1,0.00,SELL,0.00,0,0.01,0.07,YES,520276.61,
2026.09.10 20:20:12,ORDER_FILL,XAUUSD+,PERIOD_M1,4362.67,SELL,0.01,0,0.01,0.07,YES,520276.61,
2026.09.10 20:20:12,ORDER_FILL,XAUUSD+,PERIOD_M1,4362.37,SELL,0.01,0,0.01,0.07,YES,520276.61,
2026.09.10 20:20:12,ORDER_FILL,XAUUSD+,PERIOD_M1,4362.07,SELL,0.01,0,0.01,0.07,YES,520276.61,
2026.09.10 20:20:13,ORDER_FILL,XAUUSD+,PERIOD_M1,4363.87,BUY,0.01,1,0.01,-4.89,YES,520276.64,
2026.09.10 20:20:13,ORDER_FILL,XAUUSD+,PERIOD_M1,4364.17,BUY,0.01,1,0.01,-4.89,YES,520276.64,
2026.09.10 20:21:51,ORDER_FILL,XAUUSD+,PERIOD_M1,4364.78,BUY,0.01,0,0.01,-0.08,YES,520267.85,
2026.09.10 20:22:25,ORDER_FILL,XAUUSD+,PERIOD_M1,4365.08,BUY,0.01,0,0.01,0.27,YES,520260.77,
2026.09.10 20:24:44,ORDER_FILL,XAUUSD+,PERIOD_M1,0.00,SELL,0.00,0,0.00,-0.04,YES,520266.01,
2026.09.10 20:24:44,ORDER_FILL,XAUUSD+,PERIOD_M1,4363.70,SELL,0.01,0,0.00,-0.04,YES,520266.02,
2026.09.10 20:26:31,ORDER_FILL,XAUUSD+,PERIOD_M1,4364.85,BUY,0.01,0,0.01,-0.34,YES,520263.32,
2026.09.10 20:26:58,ORDER_FILL,XAUUSD+,PERIOD_M1,4365.15,BUY,0.01,0,0.01,0.22,YES,520256.36,
2026.09.10 20:27:01,ORDER_FILL,XAUUSD+,PERIOD_M1,4365.45,BUY,0.01,0,0.01,0.83,YES,520249.40,
2026.09.10 20:27:01,ORDER_FILL,XAUUSD+,PERIOD_M1,4365.75,BUY,0.01,0,0.01,1.23,YES,520242.20,
2026.09.10 20:27:04,ORDER_FILL,XAUUSD+,PERIOD_M1,4366.05,BUY,0.01,0,0.01,2.16,YES,520235.60,
2026.09.10 20:27:06,ORDER_FILL,XAUUSD+,PERIOD_M1,4366.35,BUY,0.01,0,0.01,4.07,YES,520230.01,
2026.09.10 20:28:06,ORDER_FILL,XAUUSD+,PERIOD_M1,4365.04,SELL,0.01,0,0.01,0.00,YES,520265.51,
2026.09.10 20:28:08,ORDER_FILL,XAUUSD+,PERIOD_M1,4364.74,SELL,0.01,0,0.01,0.51,YES,520244.20,
2026.09.10 20:28:10,ORDER_FILL,XAUUSD+,PERIOD_M1,0.00,SELL,0.00,0,0.00,0.00,NO,520273.11,
2026.09.10 20:28:10,ORDER_FILL,XAUUSD+,PERIOD_M1,0.00,SELL,0.00,0,0.00,0.00,YES,520273.11,
2026.09.10 20:29:13,ORDER_FILL,XAUUSD+,PERIOD_M1,0.00,SELL,0.00,0,0.01,-0.84,YES,520248.52,
2026.09.10 20:30:23,ORDER_FILL,XAUUSD+,PERIOD_M1,4366.11,BUY,0.01,0,0.01,0.00,YES,520263.73,
2026.09.10 20:30:25,ORDER_FILL,XAUUSD+,PERIOD_M1,4366.41,BUY,0.01,0,0.01,0.07,YES,520256.33,
2026.09.10 20:30:45,ORDER_FILL,XAUUSD+,PERIOD_M1,4363.85,SELL,0.01,0,0.01,0.00,YES,520263.13,
2026.09.10 20:30:50,ORDER_FILL,XAUUSD+,PERIOD_M1,0.00,SELL,0.00,0,0.00,0.00,NO,520270.99,
2026.09.10 20:34:15,ORDER_FILL,XAUUSD+,PERIOD_M1,0.00,SELL,0.00,0,0.00,0.00,NO,520270.22,
2026.09.10 20:34:15,ORDER_FILL,XAUUSD+,PERIOD_M1,0.00,SELL,0.00,0,0.00,0.00,NO,520270.22,
2026.09.10 20:34:15,ORDER_FILL,XAUUSD+,PERIOD_M1,0.00,SELL,0.00,0,0.00,0.00,NO,520270.22,
2026.09.10 20:34:15,ORDER_FILL,XAUUSD+,PERIOD_M1,0.00,SELL,0.00,0,0.00,0.00,NO,520270.22,
2026.09.10 20:34:15,ORDER_FILL,XAUUSD+,PERIOD_M1,0.00,SELL,0.00,0,0.00,0.00,NO,520270.22,
2026.09.10 20:35:56,ORDER_FILL,XAUUSD+,PERIOD_M1,0.00,SELL,0.00,0,0.00,0.19,YES,520260.15,
2026.09.10 20:35:56,ORDER_FILL,XAUUSD+,PERIOD_M1,4362.05,SELL,0.01,0,0.00,0.19,YES,520260.15,
2026.09.10 20:36:18,ORDER_FILL,XAUUSD+,PERIOD_M1,0.00,SELL,0.00,0,0.00,0.00,NO,520266.86,
2026.09.10 20:36:45,ORDER_FILL,XAUUSD+,PERIOD_M1,4363.65,BUY,0.01,0,0.01,0.00,YES,520259.32,
2026.09.10 20:39:09,ORDER_FILL,XAUUSD+,PERIOD_M1,4361.20,SELL,0.01,0,0.01,0.00,YES,520257.97,
2026.09.10 20:39:55,ORDER_FILL,XAUUSD+,PERIOD_M1,0.00,SELL,0.00,0,0.00,0.00,NO,520273.07,
2026.09.10 20:39:55,ORDER_FILL,XAUUSD+,PERIOD_M1,0.00,SELL,0.00,0,0.00,0.00,NO,520273.07,
2026.09.10 20:39:55,ORDER_FILL,XAUUSD+,PERIOD_M1,0.00,SELL,0.00,0,0.00,0.00,NO,520273.07,
2026.09.10 20:39:55,ORDER_FILL,XAUUSD+,PERIOD_M1,0.00,SELL,0.00,0,0.00,0.00,NO,520273.07,
2026.09.10 20:40:02,ORDER_FILL,XAUUSD+,PERIOD_M1,0.00,SELL,0.00,0,0.00,0.00,NO,520273.03,
2026.09.10 20:41:33,ORDER_FILL,XAUUSD+,PERIOD_M1,4355.52,SELL,0.01,0,0.01,-0.21,YES,520265.29,
2026.09.10 20:43:06,ORDER_FILL,XAUUSD+,PERIOD_M1,4356.97,BUY,0.01,0,0.01,0.00,YES,520264.23,
2026.09.10 20:45:58,ORDER_FILL,XAUUSD+,PERIOD_M1,4359.57,BUY,0.01,0,0.01,-0.39,YES,520248.70,
2026.09.10 20:45:58,ORDER_FILL,XAUUSD+,PERIOD_M1,4359.87,BUY,0.01,0,0.01,-0.39,YES,520248.67,
2026.09.10 20:45:58,ORDER_FILL,XAUUSD+,PERIOD_M1,4360.17,BUY,0.01,0,0.01,-0.39,YES,520248.67,
2026.09.10 20:46:55,ORDER_FILL,XAUUSD+,PERIOD_M1,0.00,SELL,0.00,0,0.00,0.00,NO,520272.54,
2026.09.10 20:46:56,ORDER_FILL,XAUUSD+,PERIOD_M1,0.00,SELL,0.00,0,0.00,0.00,NO,520272.54,
2026.09.10 20:46:56,ORDER_FILL,XAUUSD+,PERIOD_M1,0.00,SELL,0.00,0,0.00,0.00,NO,520272.54,
2026.09.10 20:48:09,ORDER_FILL,XAUUSD+,PERIOD_M1,4357.30,SELL,0.01,0,0.01,-0.65,YES,520256.63,
2026.09.10 20:48:10,ORDER_FILL,XAUUSD+,PERIOD_M1,4357.24,SELL,0.01,0,0.01,-0.65,YES,520256.62,
2026.09.10 20:48:59,ORDER_FILL,XAUUSD+,PERIOD_M1,4357.25,SELL,0.01,0,0.01,-0.19,YES,520242.23,
2026.09.10 20:48:59,ORDER_FILL,XAUUSD+,PERIOD_M1,4356.95,SELL,0.01,0,0.01,-0.19,YES,520242.15,
2026.09.10 20:55:30,ORDER_FILL,XAUUSD+,PERIOD_M1,4358.80,SELL,0.01,0,0.00,-3.57,YES,520250.08,
2026.09.10 20:55:31,ORDER_FILL,XAUUSD+,PERIOD_M1,4358.50,SELL,0.01,0,0.00,-3.57,YES,520249.77,
2026.09.10 20:55:31,ORDER_FILL,XAUUSD+,PERIOD_M1,4358.20,SELL,0.01,0,0.00,-3.57,YES,520249.56,
2026.09.10 20:56:18,ORDER_FILL,XAUUSD+,PERIOD_M1,0.00,SELL,0.00,0,0.00,0.00,NO,520283.16,
2026.09.10 20:56:18,ORDER_FILL,XAUUSD+,PERIOD_M1,0.00,SELL,0.00,0,0.00,0.00,NO,520283.16,
2026.09.10 20:56:18,ORDER_FILL,XAUUSD+,PERIOD_M1,0.00,SELL,0.00,0,0.00,0.00,YES,520283.16,
2026.09.10 20:56:18,ORDER_FILL,XAUUSD+,PERIOD_M1,0.00,SELL,0.00,0,0.00,0.00,YES,520283.16,
2026.09.10 20:59:03,ORDER_FILL,XAUUSD+,PERIOD_M1,4351.62,SELL,0.01,0,0.00,-0.80,YES,520274.55,
2026.09.10 21:01:19,ORDER_FILL,XAUUSD+,PERIOD_M1,4353.92,BUY,0.01,0,0.00,2.79,YES,520263.58,
2026.09.10 21:01:19,ORDER_FILL,XAUUSD+,PERIOD_M1,4354.22,BUY,0.01,0,0.00,2.79,YES,520263.76,
2026.09.10 21:01:19,ORDER_FILL,XAUUSD+,PERIOD_M1,4354.52,BUY,0.01,0,0.00,2.79,YES,520263.32,
2026.09.10 21:01:44,ORDER_FILL,XAUUSD+,PERIOD_M1,4356.19,BUY,0.01,0,0.00,4.71,YES,520274.68,
2026.09.10 21:02:09,ORDER_FILL,XAUUSD+,PERIOD_M1,4350.99,SELL,0.01,0,0.01,0.00,YES,520274.58,
2026.09.10 21:02:12,ORDER_FILL,XAUUSD+,PERIOD_M1,0.00,SELL,0.00,0,0.00,0.00,NO,520282.09,
2026.09.10 21:02:39,ORDER_FILL,XAUUSD+,PERIOD_M1,0.00,SELL,0.00,0,0.00,0.00,NO,520281.88,
2026.09.10 21:03:41,ORDER_FILL,XAUUSD+,PERIOD_M1,4349.09,SELL,0.01,0,0.01,0.00,YES,520274.27,
2026.09.10 21:06:15,ORDER_FILL,XAUUSD+,PERIOD_M1,4349.02,SELL,0.01,0,0.01,-1.44,YES,520238.60,
2026.09.10 21:06:15,ORDER_FILL,XAUUSD+,PERIOD_M1,4348.72,SELL,0.01,0,0.01,-1.44,YES,520238.55,
2026.09.10 21:06:15,ORDER_FILL,XAUUSD+,PERIOD_M1,4348.42,SELL,0.01,0,0.01,-1.44,YES,520238.55,
2026.09.10 21:06:16,ORDER_FILL,XAUUSD+,PERIOD_M1,4348.87,SELL,0.01,0,0.01,-2.97,YES,520232.55,
2026.09.10 21:06:16,ORDER_FILL,XAUUSD+,PERIOD_M1,4348.57,SELL,0.01,0,0.01,-2.97,YES,520232.55,
2026.09.10 21:06:16,ORDER_FILL,XAUUSD+,PERIOD_M1,4348.27,SELL,0.01,0,0.01,-2.97,YES,520232.55,
2026.09.10 21:08:20,ORDER_FILL,XAUUSD+,PERIOD_M1,4350.25,BUY,0.01,0,0.01,0.07,YES,520266.82,
2026.09.10 21:08:27,ORDER_FILL,XAUUSD+,PERIOD_M1,4350.25,BUY,0.01,0,0.01,0.00,YES,520266.48,
2026.09.10 21:10:25,ORDER_FILL,XAUUSD+,PERIOD_M1,4342.13,SELL,0.01,0,0.01,-1.03,YES,520249.47,
2026.09.10 21:10:26,ORDER_FILL,XAUUSD+,PERIOD_M1,4341.83,SELL,0.01,0,0.01,-1.03,YES,520248.88,
2026.09.10 21:10:26,ORDER_FILL,XAUUSD+,PERIOD_M1,4341.53,SELL,0.01,0,0.01,-1.03,YES,520248.82,
2026.09.10 21:10:51,ORDER_FILL,XAUUSD+,PERIOD_M1,0.00,SELL,0.00,0,0.00,0.00,NO,520274.61,
2026.09.10 21:12:20,ORDER_FILL,XAUUSD+,PERIOD_M1,4340.99,SELL,0.01,0,0.00,-0.51,YES,520266.31,
2026.09.10 21:13:25,ORDER_FILL,XAUUSD+,PERIOD_M1,0.00,SELL,0.00,0,0.00,0.00,NO,520273.24,
2026.09.10 21:13:25,ORDER_FILL,XAUUSD+,PERIOD_M1,0.00,SELL,0.00,0,0.00,0.00,NO,520273.24,
2026.09.10 21:16:16,ORDER_FILL,XAUUSD+,PERIOD_M1,0.00,SELL,0.00,0,0.00,-1.08,YES,520250.28,
2026.09.10 21:16:17,ORDER_FILL,XAUUSD+,PERIOD_M1,4340.14,SELL,0.01,0,0.00,-1.08,YES,520250.28,
2026.09.10 21:16:17,ORDER_FILL,XAUUSD+,PERIOD_M1,4339.84,SELL,0.01,0,0.00,-1.08,YES,520250.28,
2026.09.10 21:18:20,ORDER_FILL,XAUUSD+,PERIOD_M1,4341.08,SELL,0.01,0,0.01,-0.96,YES,520249.02,
2026.09.10 21:18:20,ORDER_FILL,XAUUSD+,PERIOD_M1,4340.78,SELL,0.01,0,0.01,-0.96,YES,520249.02,
2026.09.10 21:20:47,ORDER_FILL,XAUUSD+,PERIOD_M1,4342.44,BUY,0.01,1,0.01,-1.51,YES,520240.56,
2026.09.10 21:21:28,ORDER_FILL,XAUUSD+,PERIOD_M1,0.00,SELL,0.00,0,0.00,0.00,NO,520264.34,
2026.09.10 21:21:28,ORDER_FILL,XAUUSD+,PERIOD_M1,0.00,SELL,0.00,0,0.00,0.00,NO,520264.34,
2026.09.10 21:21:28,ORDER_FILL,XAUUSD+,PERIOD_M1,0.00,SELL,0.00,0,0.00,0.00,NO,520264.34,
2026.09.10 21:22:32,ORDER_FILL,XAUUSD+,PERIOD_M1,4344.60,BUY,0.01,0,0.01,-0.03,YES,520256.79,
2026.09.10 21:24:42,ORDER_FILL,XAUUSD+,PERIOD_M1,0.00,SELL,0.00,0,0.00,0.00,NO,520264.16,
2026.09.10 21:25:01,ORDER_FILL,XAUUSD+,PERIOD_M1,0.00,SELL,0.00,0,0.00,0.00,NO,520264.16,
2026.09.10 21:25:01,ORDER_FILL,XAUUSD+,PERIOD_M1,0.00,SELL,0.00,0,0.00,0.00,NO,520264.16,
2026.09.10 21:25:27,ORDER_FILL,XAUUSD+,PERIOD_M1,0.00,SELL,0.00,0,0.00,0.00,YES,520262.89,
2026.09.10 21:29:51,ORDER_FILL,XAUUSD+,PERIOD_M1,4338.48,SELL,0.01,0,0.01,0.00,YES,520255.31,
2026.09.10 21:30:13,ORDER_FILL,XAUUSD+,PERIOD_M1,4338.18,SELL,0.01,0,0.01,0.14,YES,520233.10,
2026.09.10 21:30:13,ORDER_FILL,XAUUSD+,PERIOD_M1,4337.88,SELL,0.01,0,0.01,0.14,YES,520233.10,
2026.09.10 21:30:13,ORDER_FILL,XAUUSD+,PERIOD_M1,4337.58,SELL,0.01,0,0.01,0.14,YES,520233.07,
2026.09.10 21:30:57,ORDER_FILL,XAUUSD+,PERIOD_M1,0.00,SELL,0.00,0,0.00,0.00,NO,520261.53,
2026.09.10 21:30:57,ORDER_FILL,XAUUSD+,PERIOD_M1,0.00,SELL,0.00,0,0.00,0.00,NO,520261.53,
2026.09.10 21:30:57,ORDER_FILL,XAUUSD+,PERIOD_M1,0.00,SELL,0.00,0,0.00,0.00,NO,520261.53,
2026.09.10 21:30:57,ORDER_FILL,XAUUSD+,PERIOD_M1,0.00,SELL,0.00,0,0.00,0.00,NO,520261.53,
2026.09.10 21:32:24,ORDER_FILL,XAUUSD+,PERIOD_M1,4336.10,SELL,0.01,0,0.01,-0.15,YES,520253.88,
2026.09.10 21:32:49,ORDER_FILL,XAUUSD+,PERIOD_M1,4335.80,SELL,0.01,0,0.01,-0.44,YES,520246.10,
2026.09.10 21:33:12,ORDER_FILL,XAUUSD+,PERIOD_M1,4335.50,SELL,0.01,0,0.01,0.52,YES,520232.11,
2026.09.10 21:33:12,ORDER_FILL,XAUUSD+,PERIOD_M1,4335.20,SELL,0.01,0,0.01,0.52,YES,520231.90,
2026.09.10 21:34:52,ORDER_FILL,XAUUSD+,PERIOD_M1,0.00,SELL,0.00,0,0.01,-2.54,YES,520250.51,
2026.09.10 21:34:52,ORDER_FILL,XAUUSD+,PERIOD_M1,4332.52,SELL,0.01,0,0.01,-2.54,YES,520250.53,
2026.09.10 21:37:31,ORDER_FILL,XAUUSD+,PERIOD_M1,4334.75,SELL,0.01,0,0.01,0.00,YES,520214.10,
2026.09.10 21:37:31,ORDER_FILL,XAUUSD+,PERIOD_M1,4334.45,SELL,0.01,0,0.01,0.00,YES,520213.43,
2026.09.10 21:37:32,ORDER_FILL,XAUUSD+,PERIOD_M1,4334.15,SELL,0.01,0,0.01,0.00,YES,520213.43,
2026.09.10 21:37:32,ORDER_FILL,XAUUSD+,PERIOD_M1,4333.62,SELL,0.01,0,0.01,0.03,YES,520213.07,
2026.09.10 21:37:32,ORDER_FILL,XAUUSD+,PERIOD_M1,4333.56,SELL,0.01,0,0.01,0.03,YES,520213.07,
2026.09.10 21:37:32,ORDER_FILL,XAUUSD+,PERIOD_M1,4333.26,SELL,0.01,0,0.01,0.03,YES,520213.07,
2026.09.10 21:38:43,ORDER_FILL,XAUUSD+,PERIOD_M1,4332.95,SELL,0.01,0,0.01,-0.77,YES,520249.26,
2026.09.10 21:42:12,ORDER_FILL,XAUUSD+,PERIOD_M1,0.00,SELL,0.00,0,0.00,-7.56,YES,520246.97,
2026.09.10 21:42:12,ORDER_FILL,XAUUSD+,PERIOD_M1,4332.54,SELL,0.01,0,0.00,-7.56,YES,520246.96,
2026.09.10 21:42:13,ORDER_FILL,XAUUSD+,PERIOD_M1,4332.24,SELL,0.01,0,0.00,-7.56,YES,520246.98,
2026.09.10 21:42:13,ORDER_FILL,XAUUSD+,PERIOD_M1,4331.94,SELL,0.01,0,0.00,-7.56,YES,520246.98,
2026.09.10 21:42:44,ORDER_FILL,XAUUSD+,PERIOD_M1,4335.12,BUY,0.01,0,0.01,0.00,YES,520222.95,
2026.09.10 21:42:44,ORDER_FILL,XAUUSD+,PERIOD_M1,4335.42,BUY,0.01,0,0.01,0.00,YES,520222.95,
2026.09.10 21:42:45,ORDER_FILL,XAUUSD+,PERIOD_M1,4335.72,BUY,0.01,0,0.01,-1.32,YES,520222.95,
2026.09.10 21:45:26,ORDER_FILL,XAUUSD+,PERIOD_M1,4333.33,SELL,0.01,0,0.01,0.04,YES,520212.33,
2026.09.10 21:45:26,ORDER_FILL,XAUUSD+,PERIOD_M1,4333.03,SELL,0.01,0,0.01,0.04,YES,520212.15,
2026.09.10 21:45:27,ORDER_FILL,XAUUSD+,PERIOD_M1,4332.73,SELL,0.01,0,0.01,0.04,YES,520212.19,
2026.09.10 21:45:27,ORDER_FILL,XAUUSD+,PERIOD_M1,4332.43,SELL,0.01,0,0.01,0.04,YES,520212.19,
2026.09.10 21:47:08,ORDER_FILL,XAUUSD+,PERIOD_M1,4332.19,SELL,0.01,0,0.01,-0.90,YES,520219.96,
2026.09.10 21:47:08,ORDER_FILL,XAUUSD+,PERIOD_M1,4331.89,SELL,0.01,0,0.01,-0.90,YES,520219.85,
2026.09.10 21:47:08,ORDER_FILL,XAUUSD+,PERIOD_M1,4331.59,SELL,0.01,0,0.01,-0.90,YES,520219.78,
2026.09.10 21:48:40,ORDER_FILL,XAUUSD+,PERIOD_M1,4331.26,SELL,0.01,0,0.00,0.60,YES,520221.80,
2026.09.10 21:48:41,ORDER_FILL,XAUUSD+,PERIOD_M1,0.00,SELL,0.00,0,0.00,0.00,NO,520243.64,
2026.09.10 21:48:42,ORDER_FILL,XAUUSD+,PERIOD_M1,0.00,SELL,0.00,0,0.00,0.00,NO,520243.64,
2026.09.10 21:49:30,ORDER_FILL,XAUUSD+,PERIOD_M1,0.00,SELL,0.00,0,0.00,0.00,NO,520246.48,
2026.09.10 21:49:52,ORDER_FILL,XAUUSD+,PERIOD_M1,0.00,SELL,0.00,0,0.00,0.00,NO,520246.48,
2026.09.10 21:49:52,ORDER_FILL,XAUUSD+,PERIOD_M1,0.00,SELL,0.00,0,0.00,0.00,NO,520246.48,
2026.09.10 21:51:19,ORDER_FILL,XAUUSD+,PERIOD_M1,4334.25,BUY,0.01,0,0.00,0.81,YES,520229.47,
2026.09.10 21:51:24,ORDER_FILL,XAUUSD+,PERIOD_M1,0.00,SELL,0.00,0,0.00,0.00,NO,520242.98,
2026.09.10 21:51:25,ORDER_FILL,XAUUSD+,PERIOD_M1,0.00,SELL,0.00,0,0.00,0.00,NO,520243.35,
2026.09.10 21:51:26,ORDER_FILL,XAUUSD+,PERIOD_M1,4336.94,BUY,0.01,0,0.00,-0.03,YES,520243.81,
2026.09.10 21:52:52,ORDER_FILL,XAUUSD+,PERIOD_M1,0.00,SELL,0.00,0,0.00,0.00,NO,520245.73,
2026.09.10 21:54:47,ORDER_FILL,XAUUSD+,PERIOD_M1,4332.78,SELL,0.01,0,0.01,-0.21,YES,520221.78,
2026.09.10 21:54:47,ORDER_FILL,XAUUSD+,PERIOD_M1,4332.48,SELL,0.01,0,0.01,-0.21,YES,520221.75,
2026.09.10 21:54:48,ORDER_FILL,XAUUSD+,PERIOD_M1,4332.18,SELL,0.01,0,0.01,-0.21,YES,520221.78,
2026.09.10 21:56:05,ORDER_FILL,XAUUSD+,PERIOD_M1,0.00,SELL,0.00,0,0.00,0.00,NO,520247.76,
2026.09.10 21:56:05,ORDER_FILL,XAUUSD+,PERIOD_M1,0.00,SELL,0.00,0,0.00,0.00,NO,520247.76,
2026.09.10 21:56:05,ORDER_FILL,XAUUSD+,PERIOD_M1,0.00,SELL,0.00,0,0.00,0.00,NO,520247.76,
2026.09.10 21:57:04,ORDER_FILL,XAUUSD+,PERIOD_M1,4334.95,SELL,0.01,0,0.01,0.00,YES,520240.20,
2026.09.10 21:57:36,ORDER_FILL,XAUUSD+,PERIOD_M1,0.00,SELL,0.00,0,0.00,0.00,NO,520248.40,
2026.09.10 21:57:37,ORDER_FILL,XAUUSD+,PERIOD_M1,0.00,SELL,0.00,0,0.00,0.00,NO,520248.40,
2026.09.10 21:57:37,ORDER_FILL,XAUUSD+,PERIOD_M1,0.00,SELL,0.00,0,0.00,0.00,NO,520248.40,
2026.09.10 21:59:07,ORDER_FILL,XAUUSD+,PERIOD_M1,4333.14,BUY,0.01,0,0.01,0.00,YES,520240.82,
2026.09.10 22:00:34,ORDER_FILL,XAUUSD+,PERIOD_M1,4333.44,BUY,0.01,0,0.01,-3.12,YES,520243.12,
2026.09.10 22:02:32,ORDER_FILL,XAUUSD+,PERIOD_M1,4320.48,SELL,0.01,0,0.01,-0.63,YES,520220.03,
2026.09.10 22:02:32,ORDER_FILL,XAUUSD+,PERIOD_M1,4320.18,SELL,0.01,0,0.01,-0.63,YES,520219.85,
2026.09.10 22:02:32,ORDER_FILL,XAUUSD+,PERIOD_M1,4319.88,SELL,0.01,0,0.01,-0.63,YES,520219.70,
2026.09.10 22:02:58,ORDER_FILL,XAUUSD+,PERIOD_M1,4319.58,SELL,0.01,0,0.01,16.94,YES,520212.49,
2026.09.10 22:04:54,ORDER_FILL,XAUUSD+,PERIOD_M1,4317.17,BUY,0.01,0,0.01,-0.86,YES,520243.58,
2026.09.10 22:04:54,ORDER_FILL,XAUUSD+,PERIOD_M1,4317.47,BUY,0.01,0,0.01,-0.86,YES,520243.58,
2026.09.10 22:05:24,ORDER_FILL,XAUUSD+,PERIOD_M1,0.00,SELL,0.00,0,0.00,0.00,NO,520260.49,
2026.09.10 22:05:47,ORDER_FILL,XAUUSD+,PERIOD_M1,0.00,SELL,0.00,0,0.00,0.00,NO,520260.49,
2026.09.10 22:05:47,ORDER_FILL,XAUUSD+,PERIOD_M1,0.00,SELL,0.00,0,0.00,0.00,NO,520260.49,
2026.09.10 22:07:14,ORDER_FILL,XAUUSD+,PERIOD_M1,4319.08,BUY,0.01,0,0.01,-1.98,YES,520236.28,
2026.09.10 22:07:14,ORDER_FILL,XAUUSD+,PERIOD_M1,4319.38,BUY,0.01,0,0.01,-1.98,YES,520236.28,
2026.09.10 22:07:14,ORDER_FILL,XAUUSD+,PERIOD_M1,4319.68,BUY,0.01,0,0.01,-1.98,YES,520236.43,
2026.09.10 22:07:58,ORDER_FILL,XAUUSD+,PERIOD_M1,4317.72,SELL,0.01,0,0.01,0.00,YES,520252.97,
2026.09.10 22:08:15,ORDER_FILL,XAUUSD+,PERIOD_M1,0.00,SELL,0.00,0,0.00,-0.55,NO,520251.99,
2026.09.10 22:08:15,ORDER_FILL,XAUUSD+,PERIOD_M1,4317.12,SELL,0.01,0,0.00,-0.55,NO,520252.02,
2026.09.10 22:09:10,ORDER_FILL,XAUUSD+,PERIOD_M1,4318.67,BUY,0.01,0,0.01,0.00,YES,520252.36,
2026.09.10 22:09:12,ORDER_FILL,XAUUSD+,PERIOD_M1,4318.97,BUY,0.01,0,0.01,0.00,YES,520244.19,
2026.09.10 22:09:24,ORDER_FILL,XAUUSD+,PERIOD_M1,0.00,SELL,0.00,0,0.00,0.00,NO,520266.95,
2026.09.10 22:09:24,ORDER_FILL,XAUUSD+,PERIOD_M1,0.00,SELL,0.00,0,0.00,0.00,NO,520266.95,
2026.09.10 22:11:34,ORDER_FILL,XAUUSD+,PERIOD_M1,4320.68,SELL,0.01,0,0.01,0.00,YES,520259.42,
2026.09.10 22:11:53,ORDER_FILL,XAUUSD+,PERIOD_M1,4320.38,SELL,0.01,0,0.01,-1.01,YES,520243.58,
2026.09.10 22:11:53,ORDER_FILL,XAUUSD+,PERIOD_M1,4320.08,SELL,0.01,0,0.01,-1.01,YES,520243.46,
2026.09.10 22:13:20,ORDER_FILL,XAUUSD+,PERIOD_M1,4321.88,BUY,0.01,0,0.01,-0.44,YES,520252.91,
2026.09.10 22:14:03,ORDER_FILL,XAUUSD+,PERIOD_M1,4320.64,SELL,0.01,1,0.01,-1.07,YES,520259.61,
2026.09.10 22:18:45,ORDER_FILL,XAUUSD+,PERIOD_M1,4320.07,SELL,0.01,0,0.01,0.00,YES,520251.44,
2026.09.10 22:18:47,ORDER_FILL,XAUUSD+,PERIOD_M1,0.00,SELL,0.00,0,0.00,0.00,NO,520258.75,
2026.09.10 22:19:22,ORDER_FILL,XAUUSD+,PERIOD_M1,4319.72,SELL,0.01,0,0.01,-0.87,YES,520250.42,
2026.09.10 22:19:46,ORDER_FILL,XAUUSD+,PERIOD_M1,4321.06,BUY,0.01,1,0.01,0.01,YES,520250.02,
2026.09.10 22:21:51,ORDER_FILL,XAUUSD+,PERIOD_M1,4323.90,BUY,0.01,0,0.01,-0.39,YES,520249.34,
2026.09.10 22:22:03,ORDER_FILL,XAUUSD+,PERIOD_M1,4324.20,BUY,0.01,0,0.01,0.19,YES,520242.53,
2026.09.10 22:22:04,ORDER_FILL,XAUUSD+,PERIOD_M1,4324.50,BUY,0.01,0,0.01,0.43,YES,520235.13,
2026.09.10 22:25:15,ORDER_FILL,XAUUSD+,PERIOD_M1,0.00,SELL,0.00,0,0.00,0.00,NO,520268.19,
2026.09.10 22:25:15,ORDER_FILL,XAUUSD+,PERIOD_M1,0.00,SELL,0.00,0,0.00,0.00,NO,520268.19,
2026.09.10 22:25:15,ORDER_FILL,XAUUSD+,PERIOD_M1,0.00,SELL,0.00,0,0.00,0.00,NO,520268.19,
2026.09.10 22:25:18,ORDER_FILL,XAUUSD+,PERIOD_M1,0.00,SELL,0.00,0,0.00,0.00,NO,520267.94,
2026.09.10 22:25:18,ORDER_FILL,XAUUSD+,PERIOD_M1,0.00,SELL,0.00,0,0.00,0.00,NO,520267.94,
2026.09.10 22:25:30,ORDER_FILL,XAUUSD+,PERIOD_M1,4329.90,BUY,0.01,0,0.01,-0.05,YES,520260.40,
2026.09.10 22:26:55,ORDER_FILL,XAUUSD+,PERIOD_M1,0.00,SELL,0.00,0,0.00,0.00,NO,520268.15,
2026.09.10 22:27:22,ORDER_FILL,XAUUSD+,PERIOD_M1,4330.28,BUY,0.01,0,0.01,0.00,YES,520260.59,
2026.09.10 22:28:24,ORDER_FILL,XAUUSD+,PERIOD_M1,4330.58,BUY,0.01,0,0.01,-1.54,YES,520265.29,
2026.09.10 22:30:55,ORDER_FILL,XAUUSD+,PERIOD_M1,0.00,SELL,0.00,0,0.00,0.00,NO,520265.81,
2026.09.10 22:31:14,ORDER_FILL,XAUUSD+,PERIOD_M1,0.00,SELL,0.00,0,0.00,0.00,NO,520265.81,
2026.09.10 22:31:14,ORDER_FILL,XAUUSD+,PERIOD_M1,0.00,SELL,0.00,0,0.00,0.00,NO,520265.81,
2026.09.10 22:31:35,ORDER_FILL,XAUUSD+,PERIOD_M1,4327.98,BUY,0.01,0,0.01,-0.06,YES,520258.27,
2026.09.10 22:31:36,ORDER_FILL,XAUUSD+,PERIOD_M1,4328.28,BUY,0.01,0,0.01,0.04,YES,520250.81,
2026.09.10 22:33:41,ORDER_FILL,XAUUSD+,PERIOD_M1,0.00,SELL,0.00,0,0.00,0.00,NO,520266.04,
2026.09.10 22:33:43,ORDER_FILL,XAUUSD+,PERIOD_M1,0.00,SELL,0.00,0,0.00,0.00,NO,520266.04,
2026.09.10 22:33:43,ORDER_FILL,XAUUSD+,PERIOD_M1,0.00,SELL,0.00,0,0.00,0.00,NO,520266.04,
2026.09.10 22:33:43,ORDER_FILL,XAUUSD+,PERIOD_M1,0.00,SELL,0.00,0,0.00,0.00,NO,520266.04,
2026.09.10 22:34:26,ORDER_FILL,XAUUSD+,PERIOD_M1,4325.03,SELL,0.01,0,0.01,0.00,YES,520258.50,
2026.09.10 22:36:30,ORDER_FILL,XAUUSD+,PERIOD_M1,4327.33,BUY,0.01,0,0.00,-0.22,YES,520256.11,
2026.09.10 22:36:37,ORDER_FILL,XAUUSD+,PERIOD_M1,4326.20,SELL,0.01,0,0.01,-1.14,YES,520262.67,
2026.09.10 22:36:45,ORDER_FILL,XAUUSD+,PERIOD_M1,4327.23,BUY,0.01,0,0.01,0.00,YES,520254.92,
2026.09.10 22:36:48,ORDER_FILL,XAUUSD+,PERIOD_M1,4327.53,BUY,0.01,0,0.01,0.43,YES,520247.84,
2026.09.10 22:36:55,ORDER_FILL,XAUUSD+,PERIOD_M1,4327.83,BUY,0.01,0,0.01,0.85,YES,520240.87,
2026.09.10 22:36:55,ORDER_FILL,XAUUSD+,PERIOD_M1,4328.13,BUY,0.01,0,0.01,1.05,YES,520233.49,
2026.09.10 22:37:38,ORDER_FILL,XAUUSD+,PERIOD_M1,4325.52,SELL,0.01,0,0.01,0.00,YES,520255.19,
2026.09.10 22:38:10,ORDER_FILL,XAUUSD+,PERIOD_M1,4324.91,SELL,0.01,0,0.01,0.00,YES,520255.24,
2026.09.10 22:38:11,ORDER_FILL,XAUUSD+,PERIOD_M1,4324.61,SELL,0.01,0,0.01,0.39,YES,520248.16,
2026.09.10 22:38:16,ORDER_FILL,XAUUSD+,PERIOD_M1,4324.31,SELL,0.01,0,0.01,0.58,YES,520240.81,
2026.09.10 22:38:29,ORDER_FILL,XAUUSD+,PERIOD_M1,4324.91,SELL,0.01,0,0.01,0.00,YES,520255.33,
2026.09.10 22:38:33,ORDER_FILL,XAUUSD+,PERIOD_M1,4324.61,SELL,0.01,0,0.01,0.07,YES,520247.94,
2026.09.10 22:38:37,ORDER_FILL,XAUUSD+,PERIOD_M1,4324.91,SELL,0.01,0,0.01,0.00,YES,520254.89,
2026.09.10 22:38:40,ORDER_FILL,XAUUSD+,PERIOD_M1,4324.61,SELL,0.01,0,0.01,0.06,YES,520240.64,
2026.09.10 22:38:41,ORDER_FILL,XAUUSD+,PERIOD_M1,4324.31,SELL,0.01,0,0.01,0.69,YES,520240.68,
2026.09.10 22:39:11,ORDER_FILL,XAUUSD+,PERIOD_M1,4326.63,BUY,0.01,0,0.01,0.00,YES,520254.77,
2026.09.10 22:39:48,ORDER_FILL,XAUUSD+,PERIOD_M1,4326.63,BUY,0.01,0,0.01,-0.07,YES,520254.61,
2026.09.10 22:39:48,ORDER_FILL,XAUUSD+,PERIOD_M1,4326.93,BUY,0.01,0,0.01,0.28,YES,520247.61,
2026.09.10 22:39:58,ORDER_FILL,XAUUSD+,PERIOD_M1,4326.63,BUY,0.01,0,0.01,0.00,YES,520254.25,
2026.09.10 22:39:59,ORDER_FILL,XAUUSD+,PERIOD_M1,4326.93,BUY,0.01,0,0.01,0.07,YES,520247.29,
2026.09.10 22:40:04,ORDER_FILL,XAUUSD+,PERIOD_M1,4327.23,BUY,0.01,0,0.01,1.20,YES,520233.05,
2026.09.10 22:40:05,ORDER_FILL,XAUUSD+,PERIOD_M1,4327.53,BUY,0.01,0,0.01,1.20,YES,520232.98,
2026.09.10 22:41:55,ORDER_FILL,XAUUSD+,PERIOD_M1,4326.81,SELL,0.01,0,0.01,0.00,YES,520254.62,
2026.09.10 22:41:56,ORDER_FILL,XAUUSD+,PERIOD_M1,4326.51,SELL,0.01,0,0.01,0.26,YES,520247.58,
2026.09.10 22:42:39,ORDER_FILL,XAUUSD+,PERIOD_M1,4326.27,SELL,0.01,0,0.01,0.00,YES,520254.20,
2026.09.10 22:43:26,ORDER_FILL,XAUUSD+,PERIOD_M1,4324.73,SELL,0.01,0,0.01,-0.11,YES,520254.12,
2026.09.10 22:43:51,ORDER_FILL,XAUUSD+,PERIOD_M1,4324.43,SELL,0.01,0,0.01,-0.11,YES,520231.73,
2026.09.10 22:43:51,ORDER_FILL,XAUUSD+,PERIOD_M1,4324.13,SELL,0.01,0,0.01,-0.11,YES,520231.39,
2026.09.10 22:43:51,ORDER_FILL,XAUUSD+,PERIOD_M1,4323.83,SELL,0.01,0,0.01,-0.11,YES,520231.48,
2026.09.10 22:46:37,ORDER_FILL,XAUUSD+,PERIOD_M1,4324.40,SELL,0.01,0,0.01,0.09,YES,520250.83,
2026.09.10 22:46:40,ORDER_FILL,XAUUSD+,PERIOD_M1,4324.10,SELL,0.01,0,0.01,-0.03,YES,520243.08,
2026.09.10 22:46:41,ORDER_FILL,XAUUSD+,PERIOD_M1,4323.80,SELL,0.01,0,0.01,0.52,YES,520236.16,
2026.09.10 22:48:48,ORDER_FILL,XAUUSD+,PERIOD_M1,4322.78,SELL,0.01,0,0.01,-0.09,YES,520250.92,
2026.09.10 22:48:51,ORDER_FILL,XAUUSD+,PERIOD_M1,4322.48,SELL,0.01,0,0.01,0.16,YES,520243.73,
2026.09.10 22:48:51,ORDER_FILL,XAUUSD+,PERIOD_M1,4322.18,SELL,0.01,0,0.01,0.51,YES,520236.57,
2026.09.10 22:49:14,ORDER_FILL,XAUUSD+,PERIOD_M1,4321.88,SELL,0.01,0,0.01,0.62,YES,520214.05,
2026.09.10 22:49:14,ORDER_FILL,XAUUSD+,PERIOD_M1,4321.58,SELL,0.01,0,0.01,0.62,YES,520213.80,
2026.09.10 22:49:14,ORDER_FILL,XAUUSD+,PERIOD_M1,4321.28,SELL,0.01,0,0.01,0.62,YES,520213.85,
2026.09.10 22:51:04,ORDER_FILL,XAUUSD+,PERIOD_M1,4321.16,SELL,0.01,0,0.01,0.00,YES,520249.80,
2026.09.10 22:51:29,ORDER_FILL,XAUUSD+,PERIOD_M1,4320.86,SELL,0.01,0,0.01,-0.76,YES,520226.65,
2026.09.10 22:51:29,ORDER_FILL,XAUUSD+,PERIOD_M1,4320.56,SELL,0.01,0,0.01,-0.76,YES,520226.69,
2026.09.10 22:51:29,ORDER_FILL,XAUUSD+,PERIOD_M1,4320.26,SELL,0.01,0,0.01,-0.76,YES,520226.65,
2026.09.10 22:54:18,ORDER_FILL,XAUUSD+,PERIOD_M1,4322.88,BUY,0.01,0,0.01,1.03,YES,520230.35,
2026.09.10 22:54:18,ORDER_FILL,XAUUSD+,PERIOD_M1,4323.18,BUY,0.01,0,0.01,1.03,YES,520230.47,
2026.09.10 22:54:19,ORDER_FILL,XAUUSD+,PERIOD_M1,4323.48,BUY,0.01,0,0.01,1.03,YES,520230.40,
2026.09.10 22:54:20,ORDER_FILL,XAUUSD+,PERIOD_M1,4324.57,BUY,0.01,0,0.01,4.08,YES,520224.27,
2026.09.10 22:54:29,ORDER_FILL,XAUUSD+,PERIOD_M1,4324.65,BUY,0.01,0,0.01,0.00,YES,520244.89,
2026.09.10 22:56:38,ORDER_FILL,XAUUSD+,PERIOD_M1,4324.15,BUY,0.01,0,0.01,0.00,YES,520243.65,
2026.09.10 22:56:53,ORDER_FILL,XAUUSD+,PERIOD_M1,4324.14,BUY,0.01,0,0.01,0.00,YES,520243.55,
2026.09.10 22:56:53,ORDER_FILL,XAUUSD+,PERIOD_M1,4324.44,BUY,0.01,0,0.01,0.14,YES,520236.22,
2026.09.10 22:57:44,ORDER_FILL,XAUUSD+,PERIOD_M1,4323.53,SELL,0.01,0,0.01,0.00,YES,520243.18,
2026.09.10 22:57:51,ORDER_FILL,XAUUSD+,PERIOD_M1,4323.23,SELL,0.01,0,0.01,0.42,YES,520236.15,
2026.09.10 22:57:54,ORDER_FILL,XAUUSD+,PERIOD_M1,4322.93,SELL,0.01,0,0.01,0.49,YES,520228.74,
2026.09.10 23:00:24,ORDER_FILL,XAUUSD+,PERIOD_M1,4323.51,SELL,0.01,0,0.01,-0.99,YES,520248.73,
2026.09.10 23:00:24,ORDER_FILL,XAUUSD+,PERIOD_M1,4324.55,BUY,0.01,1,0.01,-0.99,YES,520248.74,
2026.09.10 23:00:44,ORDER_FILL,XAUUSD+,PERIOD_M1,4323.21,SELL,0.01,2,0.01,0.72,YES,520226.86,
2026.09.10 23:01:28,ORDER_FILL,XAUUSD+,PERIOD_M1,0.00,SELL,0.00,0,0.00,0.00,NO,520249.26,
2026.09.10 23:01:28,ORDER_FILL,XAUUSD+,PERIOD_M1,0.00,SELL,0.00,0,0.00,0.00,NO,520249.26,
2026.09.10 23:03:37,ORDER_FILL,XAUUSD+,PERIOD_M1,4321.69,SELL,0.01,0,0.01,-1.08,YES,520232.59,
2026.09.10 23:03:37,ORDER_FILL,XAUUSD+,PERIOD_M1,4321.39,SELL,0.01,0,0.01,-1.08,YES,520232.63,
2026.09.10 23:04:31,ORDER_FILL,XAUUSD+,PERIOD_M1,4321.82,SELL,0.01,0,0.01,4.94,YES,520209.51,
2026.09.10 23:06:30,ORDER_FILL,XAUUSD+,PERIOD_M1,4322.53,BUY,0.01,0,0.00,-0.04,YES,520244.73,
2026.09.10 23:06:38,ORDER_FILL,XAUUSD+,PERIOD_M1,4322.20,BUY,0.01,0,0.01,-0.38,YES,520237.39,
2026.09.10 23:07:22,ORDER_FILL,XAUUSD+,PERIOD_M1,4322.50,BUY,0.01,0,0.01,-0.78,YES,520229.60,
2026.09.10 23:10:50,ORDER_FILL,XAUUSD+,PERIOD_M1,4323.74,BUY,0.01,0,0.01,-1.58,YES,520235.88,
2026.09.10 23:10:50,ORDER_FILL,XAUUSD+,PERIOD_M1,4324.04,BUY,0.01,0,0.01,-1.58,YES,520235.88,
2026.09.10 23:11:32,ORDER_FILL,XAUUSD+,PERIOD_M1,4324.34,BUY,0.01,0,0.01,-0.54,YES,520229.44,
2026.09.10 23:12:56,ORDER_FILL,XAUUSD+,PERIOD_M1,4322.39,SELL,0.01,1,0.01,-4.26,YES,520233.14,
2026.09.10 23:17:28,ORDER_FILL,XAUUSD+,PERIOD_M1,4323.13,BUY,0.01,0,0.00,-0.34,YES,520240.03,
2026.09.10 23:18:45,ORDER_FILL,XAUUSD+,PERIOD_M1,4322.32,SELL,0.01,0,0.00,-0.78,YES,520247.00,
2026.09.10 23:18:50,ORDER_FILL,XAUUSD+,PERIOD_M1,4322.30,SELL,0.01,0,0.01,-0.78,YES,520239.44,
2026.09.10 23:20:26,ORDER_FILL,XAUUSD+,PERIOD_M1,4322.02,SELL,0.01,0,0.01,0.40,YES,520197.70,
2026.09.10 23:21:26,ORDER_FILL,XAUUSD+,PERIOD_M1,0.00,SELL,0.00,0,0.00,0.00,NO,520274.28,
2026.09.10 23:21:43,ORDER_FILL,XAUUSD+,PERIOD_M1,0.00,SELL,0.00,0,0.00,0.00,NO,520274.28,
2026.09.10 23:21:43,ORDER_FILL,XAUUSD+,PERIOD_M1,0.00,SELL,0.00,0,0.00,0.00,YES,520274.28,
2026.09.10 23:21:43,ORDER_FILL,XAUUSD+,PERIOD_M1,0.00,SELL,0.00,0,0.00,0.00,YES,520274.28,
2026.09.10 23:21:43,ORDER_FILL,XAUUSD+,PERIOD_M1,0.00,SELL,0.00,0,0.00,0.00,YES,520274.28,
2026.09.10 23:21:43,ORDER_FILL,XAUUSD+,PERIOD_M1,0.00,SELL,0.00,0,0.00,0.00,YES,520274.28,
2026.09.10 23:24:55,ORDER_FILL,XAUUSD+,PERIOD_M1,4316.68,SELL,0.01,0,0.01,-0.23,YES,520266.55,
2026.09.10 23:25:36,ORDER_FILL,XAUUSD+,PERIOD_M1,4317.79,BUY,0.01,1,0.01,-1.05,YES,520273.17,
2026.09.10 23:25:56,ORDER_FILL,XAUUSD+,PERIOD_M1,0.00,SELL,0.00,0,0.00,0.00,NO,520272.34,
2026.09.10 23:26:38,ORDER_FILL,XAUUSD+,PERIOD_M1,4318.28,BUY,0.01,0,0.01,-0.05,YES,520264.82,
2026.09.10 23:27:04,ORDER_FILL,XAUUSD+,PERIOD_M1,0.00,SELL,0.00,0,0.00,0.00,NO,520272.46,
2026.09.10 23:28:16,ORDER_FILL,XAUUSD+,PERIOD_M1,0.00,SELL,0.00,0,0.00,0.00,NO,520272.46,
2026.09.10 23:30:02,ORDER_FILL,XAUUSD+,PERIOD_M1,4318.61,SELL,0.01,0,0.00,-0.06,YES,520265.09,
2026.09.10 23:30:03,ORDER_FILL,XAUUSD+,PERIOD_M1,4318.13,SELL,0.01,0,0.00,0.14,YES,520228.21,
2026.09.10 23:30:04,ORDER_FILL,XAUUSD+,PERIOD_M1,4317.83,SELL,0.01,0,0.00,0.65,YES,520191.04,
2026.09.10 23:30:11,ORDER_FILL,XAUUSD+,PERIOD_M1,4317.53,SELL,0.01,0,0.00,1.17,YES,520154.69,
2026.09.10 23:31:48,ORDER_FILL,XAUUSD+,PERIOD_M1,0.00,SELL,0.00,0,0.00,0.00,YES,520272.71,
2026.09.10 23:35:11,ORDER_FILL,XAUUSD+,PERIOD_M1,4316.59,SELL,0.01,0,0.00,-0.14,YES,520235.39,
2026.09.10 23:35:53,ORDER_FILL,XAUUSD+,PERIOD_M1,4316.72,SELL,0.01,0,0.01,-0.17,YES,520198.05,
2026.09.10 23:36:16,ORDER_FILL,XAUUSD+,PERIOD_M1,4316.43,SELL,0.01,0,0.01,-1.03,YES,520048.41,
2026.09.10 23:36:16,ORDER_FILL,XAUUSD+,PERIOD_M1,4316.29,SELL,0.01,0,0.01,-1.03,YES,520048.71,
2026.09.10 23:36:16,ORDER_FILL,XAUUSD+,PERIOD_M1,4316.13,SELL,0.01,0,0.01,-1.03,YES,520048.71,
2026.09.10 23:36:16,ORDER_FILL,XAUUSD+,PERIOD_M1,4315.99,SELL,0.01,0,0.01,-1.03,YES,520048.71,
2026.09.10 23:40:45,ORDER_FILL,XAUUSD+,PERIOD_M1,0.00,SELL,0.00,0,0.01,-0.65,YES,520152.28,
2026.09.10 23:40:48,ORDER_FILL,XAUUSD+,PERIOD_M1,0.00,SELL,0.00,0,0.00,0.00,NO,520263.74,
2026.09.10 23:40:48,ORDER_FILL,XAUUSD+,PERIOD_M1,0.00,SELL,0.00,0,0.00,0.00,NO,520263.74,
2026.09.10 23:41:20,ORDER_FILL,XAUUSD+,PERIOD_M1,4317.18,BUY,0.01,0,0.01,-0.09,YES,520226.43,
2026.09.10 23:42:09,ORDER_FILL,XAUUSD+,PERIOD_M1,0.00,SELL,0.00,0,0.00,0.00,NO,520263.69,
2026.09.10 23:43:59,ORDER_FILL,XAUUSD+,PERIOD_M1,0.00,SELL,0.00,0,0.00,0.00,NO,520263.85,
2026.09.10 23:43:59,ORDER_FILL,XAUUSD+,PERIOD_M1,0.00,SELL,0.00,0,0.00,0.00,NO,520263.85,
2026.09.10 23:43:59,ORDER_FILL,XAUUSD+,PERIOD_M1,0.00,SELL,0.00,0,0.00,0.00,NO,520263.85,
2026.09.10 23:44:42,ORDER_FILL,XAUUSD+,PERIOD_M1,4318.25,BUY,0.01,0,0.01,-0.10,YES,520226.52,
2026.09.10 23:45:27,ORDER_FILL,XAUUSD+,PERIOD_M1,0.00,SELL,0.00,0,0.00,0.00,NO,520264.02,
2026.09.10 23:45:47,ORDER_FILL,XAUUSD+,PERIOD_M1,0.00,SELL,0.00,0,0.00,0.00,NO,520264.02,
2026.09.10 23:47:33,ORDER_FILL,XAUUSD+,PERIOD_M1,4318.82,BUY,0.01,0,0.01,-0.53,YES,520226.17,
2026.09.10 23:48:19,ORDER_FILL,XAUUSD+,PERIOD_M1,4317.86,SELL,0.01,1,0.01,-0.97,YES,520262.99,
2026.09.10 23:49:14,ORDER_FILL,XAUUSD+,PERIOD_M1,4317.56,SELL,0.01,1,0.01,0.15,YES,520151.24,
2026.09.10 23:50:00,ORDER_FILL,XAUUSD+,PERIOD_M1,0.00,SELL,0.00,0,0.00,0.00,NO,520263.89,
2026.09.10 23:50:00,ORDER_FILL,XAUUSD+,PERIOD_M1,0.00,SELL,0.00,0,0.00,0.00,NO,520263.89,
2026.09.10 23:50:42,ORDER_FILL,XAUUSD+,PERIOD_M1,4315.27,SELL,0.01,0,0.01,-0.23,YES,520226.47,
2026.09.10 23:51:08,ORDER_FILL,XAUUSD+,PERIOD_M1,4314.97,SELL,0.01,0,0.01,0.47,YES,520152.71,
2026.09.10 23:51:08,ORDER_FILL,XAUUSD+,PERIOD_M1,4314.67,SELL,0.01,0,0.01,0.47,YES,520152.71,
2026.09.10 23:52:57,ORDER_FILL,XAUUSD+,PERIOD_M1,4316.50,BUY,0.01,0,0.00,-0.03,YES,520226.74,
2026.09.10 23:54:03,ORDER_FILL,XAUUSD+,PERIOD_M1,0.00,SELL,0.00,0,0.00,0.00,NO,520263.83,
2026.09.10 23:54:03,ORDER_FILL,XAUUSD+,PERIOD_M1,0.00,SELL,0.00,0,0.00,0.00,NO,520263.83,
2026.09.10 23:54:03,ORDER_FILL,XAUUSD+,PERIOD_M1,0.00,SELL,0.00,0,0.00,0.00,NO,520263.83,
2026.09.10 23:56:07,ORDER_FILL,XAUUSD+,PERIOD_M1,4318.90,BUY,0.01,0,0.01,0.00,YES,520226.49,
2026.09.10 23:56:49,ORDER_FILL,XAUUSD+,PERIOD_M1,4317.08,SELL,0.01,0,0.01,-0.07,YES,520226.48,
2026.09.10 23:57:15,ORDER_FILL,XAUUSD+,PERIOD_M1,0.00,SELL,0.00,0,0.00,0.00,NO,520263.93,
2026.09.10 23:58:44,ORDER_FILL,XAUUSD+,PERIOD_M1,4316.86,SELL,0.01,0,0.01,-0.12,YES,520189.40,
2026.09.10 23:58:44,ORDER_FILL,XAUUSD+,PERIOD_M1,4316.56,SELL,0.01,0,0.01,-0.12,YES,520189.40,
